country,countryiso3code,date,prediction
Côte d’Ivoire,CIV,1996,0.21824488266249933
Puerto Rico (U.S.),PRI,1996,-0.4497593837265921
Türkiye,TUR,1996,0.160025902126263
Federal Republic of Somalia,SOM,1996,1.0326226154946254
São Tomé and Príncipe,STP,1996,-0.056840769589948215
Martinique,MTQ,1998,-0.42537084682217796
"Taiwan, China",TWN,1998,-0.46487306375925924
São Tomé and Príncipe,STP,1998,-0.04752230817639405
Federal Republic of Somalia,SOM,1998,1.0100749952331118
Puerto Rico (U.S.),PRI,1998,-0.4632903792712301
Türkiye,TUR,1998,0.12833984124489187
French Guiana,GUF,1998,-0.3496664495758226
Côte d’Ivoire,CIV,1998,0.4350825552833376
"Taiwan, China",TWN,2000,-0.49010350258819263
Puerto Rico (U.S.),PRI,2000,-0.4901897370848394
São Tomé and Príncipe,STP,2000,-0.03435176285025721
Federal Republic of Somalia,SOM,2000,0.9747421128907715
French Guiana,GUF,2000,-0.3612564962766126
Martinique,MTQ,2000,-0.4147989984426226
Côte d’Ivoire,CIV,2000,0.5588756937145131
Türkiye,TUR,2000,0.06850805129959177
Luxembourg,LUX,2002,-0.02693542732214724
Ukraine,UKR,2002,0.3214017047028969
Uganda,UGA,2002,0.3553814564740403
Madagascar,MDG,2002,0.042636319824431196
"Macao SAR, China",MAC,2002,-0.13841771915164205
Comoros,COM,2002,0.3613087306675772
"Congo, Dem. Rep.",COD,2002,0.8797017320739163
Guinea-Bissau,GNB,2002,0.4175235236410636
"Taiwan, China",TWN,2002,-0.5048715179032315
Albania,ALB,2002,0.056842432395135464
Afghanistan,AFG,2002,0.7437957199872736
Cayman Islands,CYM,2002,0.44585605177396864
Costa Rica,CRI,2002,-0.24315200497823797
Slovak Republic,SVK,2002,-0.45897893367893466
"Congo, Rep.",COG,2002,0.272507753673286
Lithuania,LTU,2002,-0.4240388941037292
Liechtenstein,LIE,2002,0.36103032380298616
Sierra Leone,SLE,2002,0.43780668988191235
Maldives,MDV,2002,0.027081426645066818
Lesotho,LSO,2002,-0.2660256740997384
Liberia,LBR,2002,0.7645068306501661
Mali,MLI,2002,0.1561293863688649
Central African Republic,CAF,2002,0.5768915303697169
Cyprus,CYP,2002,-0.24377976017725028
Cameroon,CMR,2002,0.4531960311949905
Malta,MLT,2002,-0.38799434340720484
Canada,CAN,2002,-0.5043954794845967
Greece,GRC,2002,-0.27793088525635123
Guyana,GUY,2002,-0.020240073471822242
Switzerland,CHE,2002,-0.26679743189845606
Ghana,GHA,2002,0.028312874134306044
Libya,LBY,2002,0.40463475496053725
Croatia,HRV,2002,-0.24823028403475922
São Tomé and Príncipe,STP,2002,0.022508987140779813
Chad,TCD,2002,0.6170415805833215
Malaysia,MYS,2002,-0.008349468375931635
Slovenia,SVN,2002,-0.29501582668859955
Argentina,ARG,2002,-0.0017198679865622817
Paraguay,PRY,2002,0.48373590980909253
Zambia,ZMB,2002,0.005619396258567722
Guatemala,GTM,2002,0.40398920130093713
Guinea,GIN,2002,0.5317166877825602
Zimbabwe,ZWE,2002,0.6544997585621786
Cambodia,KHM,2002,0.509552461870364
Serbia,SRB,2002,0.15271337602635132
Martinique,MTQ,2002,-0.4144709229995
Tunisia,TUN,2002,-0.05319193982526481
Cuba,CUB,2002,0.47647126863542305
Lebanon,LBN,2002,0.22742342743193628
Denmark,DNK,2002,-0.4678991213155623
Burundi,BDI,2002,0.634304899429712
Czechia,CZE,2002,-0.35480685168036596
Mauritania,MRT,2002,0.02273037895032672
United Arab Emirates,ARE,2002,0.19347557757536282
Cabo Verde,CPV,2002,-0.27778459419924256
Pakistan,PAK,2002,0.5458243353727655
Latvia,LVA,2002,-0.39783316338375585
Puerto Rico (U.S.),PRI,2002,-0.472062519182946
Australia,AUS,2002,-0.526057877185522
Austria,AUT,2002,-0.43057863014132003
Georgia,GEO,2002,0.36977793686359556
Haiti,HTI,2002,0.5380768456496927
Honduras,HND,2002,0.3829654721472446
Trinidad and Tobago,TTO,2002,-0.20255648791130237
Sri Lanka,LKA,2002,0.06633873239683785
United Kingdom,GBR,2002,-0.3499664612010779
Mauritius,MUS,2002,-0.33455890195476634
Mexico,MEX,2002,0.11180024923683665
United States,USA,2002,-0.2491112705019222
Kyrgyz Republic,KGZ,2002,0.3989301290601496
Lao PDR,LAO,2002,0.6079066079301421
Turkmenistan,TKM,2002,0.5055443008281263
Côte d’Ivoire,CIV,2002,0.6194608560783085
Dominican Republic,DOM,2002,0.25710307292122564
Moldova,MDA,2002,0.26134616913266534
Saudi Arabia,SAU,2002,0.38072153939001263
Bulgaria,BGR,2002,-0.25605673858157174
Burkina Faso,BFA,2002,0.138129466771501
Kuwait,KWT,2002,0.2463156953267332
South Africa,ZAF,2002,-0.5251562261138645
Djibouti,DJI,2002,-0.0038395241590775055
Germany,DEU,2002,-0.45527053922691807
Norway,NOR,2002,-0.2541779291026693
Oman,OMN,2002,-0.043363337931545655
Azerbaijan,AZE,2002,0.37826724971649334
Viet Nam,VNM,2002,0.4182556324405623
Sweden,SWE,2002,-0.48060480573859443
"Hong Kong SAR, China",HKG,2002,-0.2862313064606583
Hungary,HUN,2002,-0.38547813673051134
"Egypt, Arab Rep.",EGY,2002,0.1860223783728618
Senegal,SEN,2002,0.06251195723162369
Mongolia,MNG,2002,-0.10513761296687674
Brazil,BRA,2002,-0.13675704038839911
Brunei Darussalam,BRN,2002,-0.0038995266870703723
"Korea, Rep.",KOR,2002,-0.10312945740197246
Dominica,DMA,2002,-0.35791666285919077
Togo,TGO,2002,0.4765117986909817
Mozambique,MOZ,2002,0.17418249707614694
West Bank and Gaza,PSE,2002,0.058701434555115964
"Yemen, Rep.",YEM,2002,0.46892819206510666
Papua New Guinea,PNG,2002,0.3750976107465779
Panama,PAN,2002,0.037151549135748765
Qatar,QAT,2002,0.35963005008007976
Armenia,ARM,2002,0.0701301852801885
Seychelles,SYC,2002,-0.1479105639148674
Chile,CHL,2002,-0.6271159943719425
China,CHN,2002,0.37784675348717195
Namibia,NAM,2002,-0.49747087662046985
Myanmar,MMR,2002,0.8805351239132735
Equatorial Guinea,GNQ,2002,0.5905199915693453
Ecuador,ECU,2002,0.36804086722655865
Spain,ESP,2002,-0.45405312457364144
"Korea, Dem. People's Rep.",PRK,2002,0.774683566770762
Botswana,BWA,2002,-0.7719027076257311
Uruguay,URY,2002,-0.5263929555152957
Samoa,WSM,2002,-0.1759176868209972
Jordan,JOR,2002,-0.10681983723893819
Kazakhstan,KAZ,2002,0.3275760511016458
El Salvador,SLV,2002,0.15585649481170613
Bolivia,BOL,2002,0.21635525142534764
Bosnia and Herzegovina,BIH,2002,-0.1814994090591183
Kenya,KEN,2002,0.3669375884190901
Morocco,MAR,2002,0.020760070351624152
Tajikistan,TJK,2002,0.5997623987668388
Gabon,GAB,2002,0.06054063504153538
Iceland,ISL,2002,-0.39807147120772607
Suriname,SUR,2002,-0.11710990278977529
Sudan,SDN,2002,0.5146531494030433
Nepal,NPL,2002,0.3052959410103945
Bermuda,BMU,2002,0.2395405115508871
Japan,JPN,2002,-0.12514907465439304
Italy,ITA,2002,-0.1352809516780729
Timor-Leste,TLS,2002,0.176463684470213
Eritrea,ERI,2002,0.4286190488885177
"Gambia, The",GMB,2002,-0.015823393190623567
Estonia,EST,2002,-0.49167040291928893
Jamaica,JAM,2002,0.06426408343337024
Rwanda,RWA,2002,0.3332332209712053
Bhutan,BTN,2002,-0.07627297985769564
Uzbekistan,UZB,2002,0.5887897708708071
Benin,BEN,2002,0.14210639513976478
Belize,BLZ,2002,-0.15412688165637678
Russian Federation,RUS,2002,0.29577479905129844
Fiji,FJI,2002,-0.052602667299178396
Eswatini,SWZ,2002,-0.20787794443212632
Israel,ISR,2002,-0.2263264352729714
Ireland,IRL,2002,-0.23106287306824114
Netherlands,NLD,2002,-0.3877713134009702
Belgium,BEL,2002,-0.35888825546638287
Belarus,BLR,2002,0.2986698417696955
New Zealand,NZL,2002,-0.5969846608194158
Federal Republic of Somalia,SOM,2002,1.0073617134386634
"Iran, Islamic Rep.",IRN,2002,0.31406041591407996
Iraq,IRQ,2002,0.7676716212329443
Ethiopia,ETH,2002,0.5279912882435938
France,FRA,2002,-0.32012328261629447
French Guiana,GUF,2002,-0.3547985677253122
Bahrain,BHR,2002,0.16696292629386206
Nigeria,NGA,2002,0.5889481571110083
Bangladesh,BGD,2002,0.5054481621163045
Tanzania,TZA,2002,0.27601224422495746
Thailand,THA,2002,0.11623985636518491
Finland,FIN,2002,-0.6568425062351158
Indonesia,IDN,2002,0.44515676746861504
Nicaragua,NIC,2002,0.22662174160939805
Niger,NER,2002,0.2875141761869602
"Venezuela, RB",VEN,2002,0.3211024398840042
Romania,ROU,2002,0.04661499721892464
North Macedonia,MKD,2002,-0.2506692080645744
"Bahamas, The",BHS,2002,-0.3692001417944941
India,IND,2002,0.08636995829442298
Portugal,PRT,2002,-0.4477085190514941
Poland,POL,2002,-0.4935585298692595
Philippines,PHL,2002,0.277167826480957
Barbados,BRB,2002,-0.5312748276769246
Syrian Arab Republic,SYR,2002,0.3649229209857203
Grenada,GRD,2002,-0.2851757946670459
Peru,PER,2002,0.21858346414516455
Antigua and Barbuda,ATG,2002,-0.18978991549816793
Colombia,COL,2002,0.16606544897764267
Malawi,MWI,2002,0.18991972003408
Türkiye,TUR,2002,0.04010909913292604
Singapore,SGP,2002,-0.2832468359488389
Algeria,DZA,2002,0.1014948936632956
Angola,AGO,2002,0.3954164893597772
Afghanistan,AFG,2003,0.6762629698798626
Zambia,ZMB,2003,-0.015085534867969945
Albania,ALB,2003,0.03489156044199576
Peru,PER,2003,0.2132736865440417
Antigua and Barbuda,ATG,2003,-0.1533839461438909
Poland,POL,2003,-0.42871469434164056
Portugal,PRT,2003,-0.3776903186198292
"Venezuela, RB",VEN,2003,0.3290719855348964
Barbados,BRB,2003,-0.4685964265323821
Nicaragua,NIC,2003,0.18051190655228752
Niger,NER,2003,0.2591884522101984
Finland,FIN,2003,-0.5895288979389517
Indonesia,IDN,2003,0.391234626537839
Ukraine,UKR,2003,0.30978239805500135
"Congo, Dem. Rep.",COD,2003,0.782584024470928
Luxembourg,LUX,2003,0.1893248299660516
"Macao SAR, China",MAC,2003,-0.13736838649355992
Comoros,COM,2003,0.4359388756032295
China,CHN,2003,0.3632022131475096
Madagascar,MDG,2003,0.0855439896749174
Seychelles,SYC,2003,-0.05596778526496111
Chile,CHL,2003,-0.5816685459916138
Armenia,ARM,2003,0.03697947404320193
Costa Rica,CRI,2003,-0.24362944017724056
Cayman Islands,CYM,2003,0.4947380881831612
Libya,LBY,2003,0.3943302340348763
Slovak Republic,SVK,2003,-0.4360513981815773
Lithuania,LTU,2003,-0.3688776220428963
"Congo, Rep.",COG,2003,0.2468473381171691
Slovenia,SVN,2003,-0.24146161422791299
Liechtenstein,LIE,2003,0.5246828587574354
Chad,TCD,2003,0.6111071122385191
Malaysia,MYS,2003,0.00885588736590995
Uganda,UGA,2003,0.30887113104506764
Lesotho,LSO,2003,-0.2182062041016097
Liberia,LBR,2003,0.7165561247078878
Canada,CAN,2003,-0.4397015903129166
Cyprus,CYP,2003,-0.17019928624544314
Cameroon,CMR,2003,0.380044995230487
Malta,MLT,2003,-0.3354329049011128
Mali,MLI,2003,0.15096819282365895
Central African Republic,CAF,2003,0.5595839598068582
Sierra Leone,SLE,2003,0.3624219459117104
Maldives,MDV,2003,0.1438993486524246
Tanzania,TZA,2003,0.2533959255297297
Thailand,THA,2003,0.1453410780902466
Qatar,QAT,2003,0.4265135864759349
Bangladesh,BGD,2003,0.4991449977610341
Bahrain,BHR,2003,0.19139905311401967
Nigeria,NGA,2003,0.5317174304389127
French Guiana,GUF,2003,-0.26603980185554615
Sweden,SWE,2003,-0.3885601163564929
Sudan,SDN,2003,0.4723278698690414
France,FRA,2003,-0.2859742165315058
"Iran, Islamic Rep.",IRN,2003,0.34466106525166695
Serbia,SRB,2003,0.03925551897936888
Tunisia,TUN,2003,-0.03621446690193189
Papua New Guinea,PNG,2003,0.3747584230995992
"Yemen, Rep.",YEM,2003,0.42817132684475895
São Tomé and Príncipe,STP,2003,0.10669240473901426
West Bank and Gaza,PSE,2003,-0.042594945613151095
Panama,PAN,2003,0.03540384627689255
Guyana,GUY,2003,0.01719916002878765
Ghana,GHA,2003,0.023381155239367395
Switzerland,CHE,2003,-0.18952001432520185
Croatia,HRV,2003,-0.24626867805571095
Mauritania,MRT,2003,0.14528496539107574
Czechia,CZE,2003,-0.29798290492937635
Burundi,BDI,2003,0.6114033072924773
Cabo Verde,CPV,2003,-0.2692610377169349
Denmark,DNK,2003,-0.3732419258331804
Lebanon,LBN,2003,0.24085235248066458
Cambodia,KHM,2003,0.5050192312525869
Cuba,CUB,2003,0.49316124357103347
Martinique,MTQ,2003,-0.39673008633093326
Iraq,IRQ,2003,0.7635979600359044
Federal Republic of Somalia,SOM,2003,1.0100846992574384
Belgium,BEL,2003,-0.26159448251930184
Netherlands,NLD,2003,-0.30939020555203867
New Zealand,NZL,2003,-0.5382478296287161
Belarus,BLR,2003,0.33521935556599036
Israel,ISR,2003,-0.20515925301305143
Ethiopia,ETH,2003,0.4785255363620878
Eswatini,SWZ,2003,-0.16146647618997534
Ireland,IRL,2003,-0.11108949520967
Belize,BLZ,2003,-0.12336335494062393
Trinidad and Tobago,TTO,2003,-0.14203610867877592
United Kingdom,GBR,2003,-0.2583259665907615
Haiti,HTI,2003,0.5139073356972946
Honduras,HND,2003,0.34635176130258954
Austria,AUT,2003,-0.36943928020887123
Georgia,GEO,2003,0.1774689131426974
Puerto Rico (U.S.),PRI,2003,-0.424446798443624
Australia,AUS,2003,-0.45524375943770146
Pakistan,PAK,2003,0.5558288327751125
Latvia,LVA,2003,-0.32121233642201835
United Arab Emirates,ARE,2003,0.2755507873009465
Moldova,MDA,2003,0.2696655620980454
Saudi Arabia,SAU,2003,0.4236742258442111
Dominican Republic,DOM,2003,0.24925873396770717
Lao PDR,LAO,2003,0.5858339407480855
Turkmenistan,TKM,2003,0.5381181514552377
Côte d’Ivoire,CIV,2003,0.6737371758270657
United States,USA,2003,-0.19306013513835474
Kyrgyz Republic,KGZ,2003,0.4072774847577049
Mauritius,MUS,2003,-0.31916869866388864
Mexico,MEX,2003,0.11564708684498529
Uzbekistan,UZB,2003,0.6089012658893186
Fiji,FJI,2003,0.014296615507025639
Russian Federation,RUS,2003,0.2936772457059902
Timor-Leste,TLS,2003,0.16704128363051682
Sri Lanka,LKA,2003,0.08792145809942654
Eritrea,ERI,2003,0.44131876931030123
Japan,JPN,2003,-0.10927554147527933
Italy,ITA,2003,-0.021213986836019962
Benin,BEN,2003,0.1298285826816578
Bermuda,BMU,2003,0.3236604867772472
Nepal,NPL,2003,0.31924154036947144
Hungary,HUN,2003,-0.3434941545943716
Viet Nam,VNM,2003,0.41333111373930526
Suriname,SUR,2003,-0.06210330337155293
Oman,OMN,2003,-0.0302530879407917
Azerbaijan,AZE,2003,0.41757672183345435
Germany,DEU,2003,-0.41270871560508987
Norway,NOR,2003,-0.1459300504619759
South Africa,ZAF,2003,-0.5391478934884463
Djibouti,DJI,2003,-0.030969265687780474
Bulgaria,BGR,2003,-0.19414623737299336
Burkina Faso,BFA,2003,0.14046700032662274
Kuwait,KWT,2003,0.29537117334265756
Togo,TGO,2003,0.49797788326564435
"Korea, Rep.",KOR,2003,-0.09523768900561606
Dominica,DMA,2003,-0.3186766417480993
Brazil,BRA,2003,-0.09038135176486019
Brunei Darussalam,BRN,2003,0.04931026832543578
Senegal,SEN,2003,0.09989824470109233
Mongolia,MNG,2003,-0.061633199338926636
"Egypt, Arab Rep.",EGY,2003,0.19639365014178775
"Hong Kong SAR, China",HKG,2003,-0.2791101769784116
Gabon,GAB,2003,0.12520337712835802
Iceland,ISL,2003,-0.31832701615172604
India,IND,2003,0.05859240960567494
Tajikistan,TJK,2003,0.5775866528654404
North Macedonia,MKD,2003,-0.383009414216667
"Bahamas, The",BHS,2003,-0.3296939500321254
"Gambia, The",GMB,2003,0.04318558084751275
Romania,ROU,2003,0.03190420849266204
Jordan,JOR,2003,-0.1176642197995204
Myanmar,MMR,2003,0.8969891535627249
Namibia,NAM,2003,-0.4826261191850215
Kazakhstan,KAZ,2003,0.33879563631324133
Equatorial Guinea,GNQ,2003,0.6163277516393074
Spain,ESP,2003,-0.3628021729752179
Ecuador,ECU,2003,0.3735551343883367
Botswana,BWA,2003,-0.7040398403181434
"Korea, Dem. People's Rep.",PRK,2003,0.7724309721134701
Mozambique,MOZ,2003,0.18524259926142678
Samoa,WSM,2003,-0.14967439685598463
Uruguay,URY,2003,-0.42212604606913834
El Salvador,SLV,2003,0.09432770085846216
Bhutan,BTN,2003,-0.04709687223921764
Bolivia,BOL,2003,0.22470103523350138
Jamaica,JAM,2003,0.035008234980361916
Rwanda,RWA,2003,0.22374837018774785
Estonia,EST,2003,-0.46577757597150393
Kenya,KEN,2003,0.3061956274004614
Bosnia and Herzegovina,BIH,2003,-0.23632020457295122
Morocco,MAR,2003,0.08099121739754601
Angola,AGO,2003,0.3991273191236246
Singapore,SGP,2003,-0.24008858280045517
Zimbabwe,ZWE,2003,0.6505440261067488
Algeria,DZA,2003,0.16534059611374025
Türkiye,TUR,2003,0.02571893895877872
Malawi,MWI,2003,0.17173459253480475
Colombia,COL,2003,0.15059016698261687
Syrian Arab Republic,SYR,2003,0.42903280554306056
Greece,GRC,2003,-0.24274364656858585
Grenada,GRD,2003,-0.237038935224957
Argentina,ARG,2003,-0.005422424643179292
Paraguay,PRY,2003,0.4216136210861312
"Taiwan, China",TWN,2003,-0.5224287212371602
Guinea,GIN,2003,0.46839302398339594
Guinea-Bissau,GNB,2003,0.4631656092783487
Philippines,PHL,2003,0.28093641246236106
Guatemala,GTM,2003,0.36738123959095825
Guatemala,GTM,2004,0.35711047310877564
Zambia,ZMB,2004,-0.053955154837223865
American Samoa,ASM,2004,-0.13776953799888914
Afghanistan,AFG,2004,0.6442585405903394
"Yemen, Rep.",YEM,2004,0.3937740299415599
Albania,ALB,2004,0.060913871723388954
Peru,PER,2004,0.20475840808378273
Türkiye,TUR,2004,-0.02422784261181417
Luxembourg,LUX,2004,0.26570240446611765
Angola,AGO,2004,0.386127647030221
Singapore,SGP,2004,-0.20407701224164482
Namibia,NAM,2004,-0.4843700725900215
Bosnia and Herzegovina,BIH,2004,-0.2564011849842648
Morocco,MAR,2004,0.1224900705822423
St. Vincent and the Grenadines,VCT,2004,-0.6254899917793652
Kenya,KEN,2004,0.3131555462055144
Kiribati,KIR,2004,-0.19001724634364192
Rwanda,RWA,2004,0.1585915098846045
Eritrea,ERI,2004,0.4766928404230623
Estonia,EST,2004,-0.41375620572117183
Bhutan,BTN,2004,-0.11250510068896316
Bolivia,BOL,2004,0.2523534062598533
Jamaica,JAM,2004,0.009266384174879178
Malta,MLT,2004,-0.33341214244752704
Chad,TCD,2004,0.6500024006876953
Malaysia,MYS,2004,0.017343666734743444
Slovenia,SVN,2004,-0.22205596916356204
Slovak Republic,SVK,2004,-0.45543759966970127
Liechtenstein,LIE,2004,0.5315026921783876
Lithuania,LTU,2004,-0.33205120215751716
Costa Rica,CRI,2004,-0.25920093900818025
Turkmenistan,TKM,2004,0.6202627040630165
Libya,LBY,2004,0.39450086181523525
Seychelles,SYC,2004,0.0033680612426063962
Paraguay,PRY,2004,0.3836795058844792
Chile,CHL,2004,-0.6034862768805298
China,CHN,2004,0.36969742664840294
Sweden,SWE,2004,-0.36253214701701597
Iceland,ISL,2004,-0.19389179778222548
Bangladesh,BGD,2004,0.49783465228181417
Bahrain,BHR,2004,0.262950710475785
Tanzania,TZA,2004,0.2109241461544736
Qatar,QAT,2004,0.5337222292690446
Central African Republic,CAF,2004,0.5436901374048267
Sierra Leone,SLE,2004,0.319331007227057
Maldives,MDV,2004,0.15604956754182991
Mali,MLI,2004,0.10989983356203487
Cayman Islands,CYM,2004,0.44649242811075984
Cameroon,CMR,2004,0.3956327152616615
Canada,CAN,2004,-0.37798160355522054
Cyprus,CYP,2004,-0.18880990414517695
Tuvalu,TUV,2004,-0.2503176391983189
Lesotho,LSO,2004,-0.22885077260431436
Mozambique,MOZ,2004,0.16469100561353603
Samoa,WSM,2004,-0.20484941107171692
El Salvador,SLV,2004,0.05234964403401824
Uruguay,URY,2004,-0.425506215331062
Botswana,BWA,2004,-0.6882190583781524
Equatorial Guinea,GNQ,2004,0.665856797495577
Japan,JPN,2004,-0.12025580122832409
"Korea, Dem. People's Rep.",PRK,2004,0.7468887710375713
Spain,ESP,2004,-0.30207451906948246
Myanmar,MMR,2004,0.8818547019066267
Tonga,TON,2004,0.15514371272900915
Romania,ROU,2004,0.008797651330659456
St. Kitts and Nevis,KNA,2004,-0.32603460405457396
Jordan,JOR,2004,-0.11344999887396365
Virgin Islands (U.S.),VIR,2004,0.08749660230213763
"Bahamas, The",BHS,2004,-0.3401242659848499
"Gambia, The",GMB,2004,0.10716250165941761
Burundi,BDI,2004,0.5322422477339036
Switzerland,CHE,2004,-0.16114257862223674
Liberia,LBR,2004,0.6250572957637837
Croatia,HRV,2004,-0.2265002606345754
Guyana,GUY,2004,0.05583420474385986
Ghana,GHA,2004,-0.01088827783079765
Aruba,ABW,2004,-0.24019963517183313
West Bank and Gaza,PSE,2004,0.03665862727325871
Serbia,SRB,2004,0.016962713140767482
Tunisia,TUN,2004,0.0041368347730085745
Panama,PAN,2004,0.04878048403743656
Sudan,SDN,2004,0.48520841087368005
France,FRA,2004,-0.29469105224172115
"Iran, Islamic Rep.",IRN,2004,0.3657594096228074
Nigeria,NGA,2004,0.4910590404612008
French Guiana,GUF,2004,-0.29477573113936995
India,IND,2004,-0.010042873873562409
Tajikistan,TJK,2004,0.5760616794753185
North Macedonia,MKD,2004,-0.3907987137118777
Nepal,NPL,2004,0.3425412406433021
Vanuatu,VUT,2004,-0.19339894243650385
Gabon,GAB,2004,0.12179314950511014
"Egypt, Arab Rep.",EGY,2004,0.17856753083752683
Kazakhstan,KAZ,2004,0.3191559025736943
"Hong Kong SAR, China",HKG,2004,-0.24684892842673042
Senegal,SEN,2004,0.08912244074536443
Moldova,MDA,2004,0.2658306379548148
Ecuador,ECU,2004,0.4030251077557628
Mongolia,MNG,2004,-0.019806581544557313
Brazil,BRA,2004,-0.034162507432918016
Togo,TGO,2004,0.5629641575154648
"Korea, Rep.",KOR,2004,-0.10742414934754692
Belgium,BEL,2004,-0.2540410579194709
Barbados,BRB,2004,-0.49845243712058646
Iraq,IRQ,2004,0.7609226150137316
Netherlands,NLD,2004,-0.32247013546584274
Federal Republic of Somalia,SOM,2004,0.986928176872565
Belarus,BLR,2004,0.3528609796452749
United Arab Emirates,ARE,2004,0.35871380982311424
Cambodia,KHM,2004,0.5274613081477283
Martinique,MTQ,2004,-0.42850688206277404
Cuba,CUB,2004,0.49378094729892996
Solomon Islands,SLB,2004,0.2631295085647814
Lebanon,LBN,2004,0.2442234856004994
Cabo Verde,CPV,2004,-0.2861819132833956
Côte d’Ivoire,CIV,2004,0.7060121619220895
Denmark,DNK,2004,-0.3294242229724147
Mauritania,MRT,2004,0.1836630349613648
Czechia,CZE,2004,-0.30122945653877425
Trinidad and Tobago,TTO,2004,-0.07694480459674416
South Africa,ZAF,2004,-0.5527175261230317
Bulgaria,BGR,2004,-0.169691788924386
Germany,DEU,2004,-0.4311825902548968
Norway,NOR,2004,-0.09488592765123983
Kuwait,KWT,2004,0.40940703009436635
Suriname,SUR,2004,-0.06696865921460726
Oman,OMN,2004,-0.0007508773119933373
Azerbaijan,AZE,2004,0.42352555959088845
Hungary,HUN,2004,-0.3499104340618759
Viet Nam,VNM,2004,0.37482004328820984
Benin,BEN,2004,0.11842406672087795
Bermuda,BMU,2004,0.3889821250476668
Ethiopia,ETH,2004,0.46795897082693283
Italy,ITA,2004,0.0031693760694383377
St. Lucia,LCA,2004,-0.6122960699600116
Russian Federation,RUS,2004,0.31941676827295284
Timor-Leste,TLS,2004,0.22568772912090965
Sri Lanka,LKA,2004,0.1000891628946782
Belize,BLZ,2004,-0.09492689223282864
Uzbekistan,UZB,2004,0.6624434134658264
Mauritius,MUS,2004,-0.3409258549886195
Mexico,MEX,2004,0.1331588919581642
Djibouti,DJI,2004,0.02792798765168805
United States,USA,2004,-0.1692916432328013
Burkina Faso,BFA,2004,0.12111167513033476
Dominican Republic,DOM,2004,0.23362512010552497
Brunei Darussalam,BRN,2004,0.12261043042812081
Kyrgyz Republic,KGZ,2004,0.46681316580559185
"Micronesia, Fed. Sts.",FSM,2004,-0.304264280450229
Saudi Arabia,SAU,2004,0.4314589036881078
Dominica,DMA,2004,-0.30231843464880614
Lao PDR,LAO,2004,0.5687867444748002
Latvia,LVA,2004,-0.3284649203195824
Puerto Rico (U.S.),PRI,2004,-0.4752274237465872
Australia,AUS,2004,-0.38540477049966815
Pakistan,PAK,2004,0.5355331854315656
Austria,AUT,2004,-0.3342986065792436
Georgia,GEO,2004,0.05095845509332209
United Kingdom,GBR,2004,-0.23385876616348408
Haiti,HTI,2004,0.4882827665319934
Honduras,HND,2004,0.32142406351710895
Eswatini,SWZ,2004,-0.164472222912941
New Zealand,NZL,2004,-0.5313865954874999
Ireland,IRL,2004,-0.11616506784869943
Israel,ISR,2004,-0.16163182349526803
Guinea,GIN,2004,0.438722934776962
Philippines,PHL,2004,0.234922788970115
Zimbabwe,ZWE,2004,0.6756214234574646
Guinea-Bissau,GNB,2004,0.445882044696152
"Taiwan, China",TWN,2004,-0.5464052282470921
São Tomé and Príncipe,STP,2004,0.11549016986453343
Armenia,ARM,2004,0.03377167019945064
Argentina,ARG,2004,-0.017301221792364412
Papua New Guinea,PNG,2004,0.42173877109983526
Syrian Arab Republic,SYR,2004,0.4470521581426028
Antigua and Barbuda,ATG,2004,-0.11535431550380136
Greece,GRC,2004,-0.20791504706314895
Malawi,MWI,2004,0.1300359236177091
Colombia,COL,2004,0.14583450471932038
Guam,GUM,2004,-0.04799553839306373
Algeria,DZA,2004,0.16913643855493724
"Congo, Rep.",COG,2004,0.2916864043390397
Madagascar,MDG,2004,0.11881263806292533
"Macao SAR, China",MAC,2004,-0.07495199783275379
Uganda,UGA,2004,0.28202582311576585
Ukraine,UKR,2004,0.2700037332614539
Comoros,COM,2004,0.4513214495936386
"Congo, Dem. Rep.",COD,2004,0.7422438439203186
Thailand,THA,2004,0.17650647891381668
Finland,FIN,2004,-0.5646747992639781
Fiji,FJI,2004,0.014139306983138505
Indonesia,IDN,2004,0.31299526177249454
Nicaragua,NIC,2004,0.20522992993987002
Poland,POL,2004,-0.4218749986254462
Portugal,PRT,2004,-0.3729437536128189
Niger,NER,2004,0.23912163448665577
"Venezuela, RB",VEN,2004,0.3869576867499655
Grenada,GRD,2004,-0.2133966341275971
Poland,POL,2005,-0.34066697848438293
Niger,NER,2005,0.20138142539366558
Portugal,PRT,2005,-0.3429901539743906
Finland,FIN,2005,-0.5291679817097665
Fiji,FJI,2005,0.06308387035836821
"Venezuela, RB",VEN,2005,0.5005659580992793
Indonesia,IDN,2005,0.237398092108476
Nicaragua,NIC,2005,0.22231978222585008
Uganda,UGA,2005,0.2484946182952864
Comoros,COM,2005,0.4170160119809024
Thailand,THA,2005,0.2698149203031174
"Congo, Rep.",COG,2005,0.2908615520303194
"Congo, Dem. Rep.",COD,2005,0.7133514430064819
Madagascar,MDG,2005,0.10818796015714092
"Macao SAR, China",MAC,2005,0.04746127322829709
Malawi,MWI,2005,0.10842200020056261
Grenada,GRD,2005,-0.20305039047386308
Guam,GUM,2005,-0.06430878896323472
Colombia,COL,2005,0.14590507324934515
Papua New Guinea,PNG,2005,0.4153995980752461
Syrian Arab Republic,SYR,2005,0.46432565991215097
Antigua and Barbuda,ATG,2005,-0.13867821997349183
Greece,GRC,2005,-0.16368928558016022
São Tomé and Príncipe,STP,2005,0.11655970114496061
Armenia,ARM,2005,0.04148421627051538
Germany,DEU,2005,-0.41465710954479373
"Taiwan, China",TWN,2005,-0.5269105301729429
Guinea,GIN,2005,0.511551922697832
Philippines,PHL,2005,0.22362282969561245
Guinea-Bissau,GNB,2005,0.3980321138101014
Sweden,SWE,2005,-0.3343739974476666
Eswatini,SWZ,2005,-0.2577130258307873
New Zealand,NZL,2005,-0.5245567160488688
Ireland,IRL,2005,-0.09866147660148934
Israel,ISR,2005,-0.12402011073786352
"Gambia, The",GMB,2005,0.12719480426581134
Haiti,HTI,2005,0.40201900013549474
Uzbekistan,UZB,2005,0.6979505098031579
Réunion,REU,2005,-0.5031866924389878
Puerto Rico (U.S.),PRI,2005,-0.45314958729401705
Australia,AUS,2005,-0.3585624833696754
Honduras,HND,2005,0.33479981975490386
Georgia,GEO,2005,-0.047835094587960134
Austria,AUT,2005,-0.34245902972424874
Dominica,DMA,2005,-0.32710609999044166
Pakistan,PAK,2005,0.5033810637694985
Czechia,CZE,2005,-0.28320185404860315
Lao PDR,LAO,2005,0.5437148777221791
Latvia,LVA,2005,-0.30791780555888454
Brunei Darussalam,BRN,2005,0.1643435247332665
Kyrgyz Republic,KGZ,2005,0.4889889746256591
"Micronesia, Fed. Sts.",FSM,2005,-0.3353526006361833
Saudi Arabia,SAU,2005,0.43624879056353394
Djibouti,DJI,2005,0.021201367336290813
Mexico,MEX,2005,0.15289105473784034
United States,USA,2005,-0.13919277834243607
Dominican Republic,DOM,2005,0.19725938869786525
Netherlands,NLD,2005,-0.2833573697697644
Netherlands Antilles (former),ANT,2005,-0.5037113540657333
United Kingdom,GBR,2005,-0.23799699094742788
Mauritius,MUS,2005,-0.3545244166883828
Russian Federation,RUS,2005,0.3532290357299989
Timor-Leste,TLS,2005,0.35697655901144026
Sri Lanka,LKA,2005,0.15662100172110052
Belize,BLZ,2005,-0.03901592412936058
Bermuda,BMU,2005,0.567867371855083
Ethiopia,ETH,2005,0.44124208056222824
Italy,ITA,2005,0.02447486275546995
St. Lucia,LCA,2005,-0.6167444265113478
Azerbaijan,AZE,2005,0.4240654017587791
Hungary,HUN,2005,-0.3550957153341996
Gabon,GAB,2005,0.12229232295548281
Viet Nam,VNM,2005,0.3374929212858961
Benin,BEN,2005,0.08853890478825703
Norway,NOR,2005,0.04888517279808335
Kuwait,KWT,2005,0.5084732023045127
Suriname,SUR,2005,-0.026351330938196055
Oman,OMN,2005,0.05952390273972438
"Korea, Rep.",KOR,2005,-0.0828825708503078
South Africa,ZAF,2005,-0.5586242775367464
Bulgaria,BGR,2005,-0.13447740153334756
Cabo Verde,CPV,2005,-0.3855441631350961
Côte d’Ivoire,CIV,2005,0.6679793132028661
Denmark,DNK,2005,-0.2979577758129694
Mauritania,MRT,2005,0.17375739489919115
Burkina Faso,BFA,2005,0.10768964438734367
Cuba,CUB,2005,0.43159320420128733
Solomon Islands,SLB,2005,0.2787547055125089
Lebanon,LBN,2005,0.2677518821634242
United Arab Emirates,ARE,2005,0.3598492039633399
Cambodia,KHM,2005,0.52187008454383
Belarus,BLR,2005,0.3973393937525826
Belgium,BEL,2005,-0.22688910185475852
Barbados,BRB,2005,-0.495476027785879
Iraq,IRQ,2005,0.7606447488430049
Federal Republic of Somalia,SOM,2005,0.9959213057555429
Mongolia,MNG,2005,2.7213676623571183e-05
Brazil,BRA,2005,-0.017023512561206582
El Salvador,SLV,2005,0.07161445746731375
Togo,TGO,2005,0.5164860475934933
"Hong Kong SAR, China",HKG,2005,-0.2376478208558606
Senegal,SEN,2005,0.11159734566442542
Moldova,MDA,2005,0.25760305210707074
Ecuador,ECU,2005,0.4339304292585324
Trinidad and Tobago,TTO,2005,-0.020046724973262077
Vanuatu,VUT,2005,-0.21890949762010833
Tajikistan,TJK,2005,0.57596170314043
"Egypt, Arab Rep.",EGY,2005,0.16786198456597543
Kazakhstan,KAZ,2005,0.32044347985283606
"Bahamas, The",BHS,2005,-0.3026041364699458
India,IND,2005,-0.03268841428651484
Nepal,NPL,2005,0.31132350010159376
Sudan,SDN,2005,0.47447967037452743
France,FRA,2005,-0.26985047638801246
"Iran, Islamic Rep.",IRN,2005,0.3712652572298698
French Guiana,GUF,2005,-0.3256265763667412
Martinique,MTQ,2005,-0.46655263075455994
Serbia,SRB,2005,-0.061074931417106126
Tunisia,TUN,2005,-0.02836960179053756
West Bank and Gaza,PSE,2005,0.09499303599631659
Guyana,GUY,2005,0.0994443005635503
Ghana,GHA,2005,-0.0645402284564355
Panama,PAN,2005,0.04073757902211758
Aruba,ABW,2005,-0.28171407253614117
Burundi,BDI,2005,0.471731118237135
Switzerland,CHE,2005,-0.13575304138427763
Liberia,LBR,2005,0.5081478020657186
Tuvalu,TUV,2005,-0.24566594292638072
St. Kitts and Nevis,KNA,2005,-0.4001033634728892
Jordan,JOR,2005,-0.08751477111349304
North Macedonia,MKD,2005,-0.41163511136645203
Virgin Islands (U.S.),VIR,2005,0.11351313649118107
Myanmar,MMR,2005,0.8490049692918021
Tonga,TON,2005,0.20851622400558611
Romania,ROU,2005,-0.016622331057985457
Bolivia,BOL,2005,0.2642798899499482
Botswana,BWA,2005,-0.6508316105575279
Equatorial Guinea,GNQ,2005,0.6346134381224035
"Korea, Dem. People's Rep.",PRK,2005,0.7453640395103992
Mozambique,MOZ,2005,0.12881133523666993
Samoa,WSM,2005,-0.256427900505108
Spain,ESP,2005,-0.2529570372915465
Uruguay,URY,2005,-0.4313813135964455
Cameroon,CMR,2005,0.38498698567844036
Croatia,HRV,2005,-0.17521435612553393
Canada,CAN,2005,-0.35583087036342453
Maldives,MDV,2005,0.10793583559046839
Cyprus,CYP,2005,-0.23044371237071223
Mali,MLI,2005,0.09384814807148423
Cayman Islands,CYM,2005,0.4376163179189859
Malta,MLT,2005,-0.35254783831346637
Marshall Islands,MHL,2005,-0.15557458816353817
Tanzania,TZA,2005,0.14752464811320204
Nigeria,NGA,2005,0.4712863853100947
Qatar,QAT,2005,0.5232021939864276
Sierra Leone,SLE,2005,0.29940225204153537
Bangladesh,BGD,2005,0.5031526022141253
Iceland,ISL,2005,-0.13350480362845768
Bahrain,BHR,2005,0.2950470678814071
Seychelles,SYC,2005,0.0005305931998180758
Paraguay,PRY,2005,0.36897355734705944
Argentina,ARG,2005,0.00742123678848202
Chile,CHL,2005,-0.5854165986832032
China,CHN,2005,0.382880267697024
Liechtenstein,LIE,2005,0.5971045932276398
Costa Rica,CRI,2005,-0.24581031519501323
Turkmenistan,TKM,2005,0.6525827363566159
Malaysia,MYS,2005,0.01888919529396125
Luxembourg,LUX,2005,0.37904441017940066
Slovenia,SVN,2005,-0.20446035216384312
Libya,LBY,2005,0.4083205744907259
Slovak Republic,SVK,2005,-0.41214798497290944
Lesotho,LSO,2005,-0.22976564843800446
Ukraine,UKR,2005,0.22656753932487755
Chad,TCD,2005,0.6846555637563546
Central African Republic,CAF,2005,0.5377648254188643
Lithuania,LTU,2005,-0.28126200650583133
Eritrea,ERI,2005,0.5072897954452452
Rwanda,RWA,2005,0.08706456477904528
Bhutan,BTN,2005,-0.09421987090008996
St. Vincent and the Grenadines,VCT,2005,-0.6749534586562987
Morocco,MAR,2005,0.11004073259551689
Kenya,KEN,2005,0.3057453081291319
Jamaica,JAM,2005,-0.011247843106694714
Namibia,NAM,2005,-0.5147103793151959
Kiribati,KIR,2005,-0.17280959908185106
Bosnia and Herzegovina,BIH,2005,-0.2778599613130599
Japan,JPN,2005,-0.14683217517825886
Estonia,EST,2005,-0.39425761597289927
Türkiye,TUR,2005,-0.06037296074685108
Afghanistan,AFG,2005,0.6565008638175068
Angola,AGO,2005,0.34783807601421773
Singapore,SGP,2005,-0.15653377471760438
Peru,PER,2005,0.18858412330302618
Anguilla,AIA,2005,-0.728713441819054
Zambia,ZMB,2005,-0.04542031945452257
Zimbabwe,ZWE,2005,0.6801799767752056
Albania,ALB,2005,0.04106963338127436
"Yemen, Rep.",YEM,2005,0.3087542081015947
American Samoa,ASM,2005,-0.15867999683529468
Algeria,DZA,2005,0.2371441168462186
Guatemala,GTM,2005,0.3384820026046903
Albania,ALB,2006,0.018336492501048407
Afghanistan,AFG,2006,0.670500844199781
Zimbabwe,ZWE,2006,0.6849065524542016
Poland,POL,2006,-0.2833489499329998
"Yemen, Rep.",YEM,2006,0.30285123957237
Portugal,PRT,2006,-0.32257831648296315
Anguilla,AIA,2006,-0.7280542358907113
Colombia,COL,2006,0.1269500097080988
Malawi,MWI,2006,0.10193529105573737
Lithuania,LTU,2006,-0.20746591382532062
Comoros,COM,2006,0.429106064331174
Türkiye,TUR,2006,-0.039748666434812056
"Macao SAR, China",MAC,2006,0.20745297452733033
Madagascar,MDG,2006,0.08783901023077684
China,CHN,2006,0.3654068368276702
Germany,DEU,2006,-0.339445741617166
Armenia,ARM,2006,0.03195568129443961
Paraguay,PRY,2006,0.3548090374198472
Argentina,ARG,2006,0.0587060268962011
Papua New Guinea,PNG,2006,0.37895213048537374
"Taiwan, China",TWN,2006,-0.5045871131246954
Guinea-Bissau,GNB,2006,0.39588274717735616
Sweden,SWE,2006,-0.2915611960760395
Guinea,GIN,2006,0.6022224073635808
Pakistan,PAK,2006,0.5167707708647129
Aruba,ABW,2006,-0.2818789883420823
West Bank and Gaza,PSE,2006,0.12914536309636873
Panama,PAN,2006,0.03684607027908386
Ghana,GHA,2006,-0.1120888223832871
Switzerland,CHE,2006,-0.07284771008739337
Norway,NOR,2006,0.22204350513846668
Austria,AUT,2006,-0.30381269529628696
Georgia,GEO,2006,-0.0929072236471971
Haiti,HTI,2006,0.31624611325306373
Guyana,GUY,2006,0.09276837168506508
"Gambia, The",GMB,2006,0.10582554103193109
Australia,AUS,2006,-0.31387128164970424
Puerto Rico (U.S.),PRI,2006,-0.408421721778392
Virgin Islands (U.S.),VIR,2006,0.15989290804017048
Romania,ROU,2006,0.006841408078864487
Viet Nam,VNM,2006,0.3302705608987441
Gabon,GAB,2006,0.1080201146433167
"Hong Kong SAR, China",HKG,2006,-0.19818182320829333
Honduras,HND,2006,0.3358266213353399
Suriname,SUR,2006,-0.003137342151169302
Azerbaijan,AZE,2006,0.4196054238213908
Oman,OMN,2006,0.10283649271051783
Chile,CHL,2006,-0.559183884968972
Seychelles,SYC,2006,0.005936056934594973
"Congo, Rep.",COG,2006,0.26924119245396533
"Congo, Dem. Rep.",COD,2006,0.6904745344407192
Liechtenstein,LIE,2006,0.6925994951397036
Luxembourg,LUX,2006,0.5069060066561905
Malaysia,MYS,2006,0.038396523065985226
Chad,TCD,2006,0.6976619111910117
Hungary,HUN,2006,-0.3017321368921137
Tajikistan,TJK,2006,0.5538152715762406
India,IND,2006,-0.03406371027083742
"Bahamas, The",BHS,2006,-0.28923430411453466
North Macedonia,MKD,2006,-0.43222970270358463
Fiji,FJI,2006,0.16633084018612865
Bangladesh,BGD,2006,0.47300699045905353
Qatar,QAT,2006,0.5762105793328209
Nigeria,NGA,2006,0.4545379044947891
Bahrain,BHR,2006,0.30117584247367374
French Guiana,GUF,2006,-0.33154232140922796
Iceland,ISL,2006,-0.028465382257772044
Sudan,SDN,2006,0.4811860761655215
France,FRA,2006,-0.21647958401361256
New Zealand,NZL,2006,-0.4871390718070782
Russian Federation,RUS,2006,0.3838933304298042
Barbados,BRB,2006,-0.4717169424923562
"Venezuela, RB",VEN,2006,0.5753627403474492
Niger,NER,2006,0.20997395117628348
Nicaragua,NIC,2006,0.24318751079355272
Indonesia,IDN,2006,0.16918439091225987
Finland,FIN,2006,-0.4085254374111657
Tanzania,TZA,2006,0.11541560746404833
Ukraine,UKR,2006,0.20414625831743602
Uganda,UGA,2006,0.210759937824423
Central African Republic,CAF,2006,0.537750554786384
Cayman Islands,CYM,2006,0.4441191144258194
Maldives,MDV,2006,0.15099363253680229
Sierra Leone,SLE,2006,0.26191786035927533
Costa Rica,CRI,2006,-0.22313168351820215
Turkmenistan,TKM,2006,0.6436848648321395
Slovak Republic,SVK,2006,-0.30808534612806776
Libya,LBY,2006,0.3843928773538483
Netherlands,NLD,2006,-0.20371272177751745
Netherlands Antilles (former),ANT,2006,-0.5031717973324686
Federal Republic of Somalia,SOM,2006,1.0319283154230972
Iraq,IRQ,2006,0.7548594808663303
"Iran, Islamic Rep.",IRN,2006,0.4147203983844578
Belgium,BEL,2006,-0.1690812651713732
Belarus,BLR,2006,0.43584789121929857
Vanuatu,VUT,2006,-0.19675601211600416
Réunion,REU,2006,-0.49407235071325817
Ethiopia,ETH,2006,0.4060755980597623
Israel,ISR,2006,-0.06851583963681086
Ireland,IRL,2006,-0.05079184850667955
Eswatini,SWZ,2006,-0.288154502225218
Uzbekistan,UZB,2006,0.6606051089110966
Belize,BLZ,2006,0.014239306829890472
Croatia,HRV,2006,-0.1373412640124805
Tuvalu,TUV,2006,-0.20439249806727178
Liberia,LBR,2006,0.43218392064044525
Lesotho,LSO,2006,-0.20309839238128907
Canada,CAN,2006,-0.3170544516176544
Cameroon,CMR,2006,0.3623363803433623
Timor-Leste,TLS,2006,0.3870110468209267
Estonia,EST,2006,-0.3472085584064932
St. Lucia,LCA,2006,-0.5727276300224976
Italy,ITA,2006,0.09716381556746533
Jamaica,JAM,2006,-0.030947650393663918
Bermuda,BMU,2006,0.6818860706814374
Benin,BEN,2006,0.07933028175940861
Nepal,NPL,2006,0.27471021744184193
Bolivia,BOL,2006,0.2805215164520619
Bhutan,BTN,2006,-0.048562636437723954
Rwanda,RWA,2006,0.04765490659270437
Namibia,NAM,2006,-0.5808285547873612
St. Vincent and the Grenadines,VCT,2006,-0.6494086110824764
Thailand,THA,2006,0.29436399699231713
Eritrea,ERI,2006,0.5489992930886072
Sri Lanka,LKA,2006,0.202910566981529
Morocco,MAR,2006,0.102229982273129
Bosnia and Herzegovina,BIH,2006,-0.2565445449554798
Myanmar,MMR,2006,0.8398014054301071
Mozambique,MOZ,2006,0.10977380537016948
Equatorial Guinea,GNQ,2006,0.649639538241671
Japan,JPN,2006,-0.13495260828074446
Jordan,JOR,2006,-0.08368451151731042
St. Kitts and Nevis,KNA,2006,-0.38635408681688843
Botswana,BWA,2006,-0.6164075827021721
Samoa,WSM,2006,-0.2324773034961105
Uruguay,URY,2006,-0.42991286513144406
Montenegro,MNE,2006,-0.21261042144725123
Togo,TGO,2006,0.46583404854315236
El Salvador,SLV,2006,0.07678840433743532
Kenya,KEN,2006,0.3279349636740211
"Egypt, Arab Rep.",EGY,2006,0.16548061149021484
Kazakhstan,KAZ,2006,0.31998327272794524
Malta,MLT,2006,-0.3413893214727296
Marshall Islands,MHL,2006,-0.12580942468972955
Mali,MLI,2006,0.085554620497765
Cyprus,CYP,2006,-0.1976332785253818
Lebanon,LBN,2006,0.3290800280790773
Cuba,CUB,2006,0.38864679400030405
Solomon Islands,SLB,2006,0.29238865268893355
Cambodia,KHM,2006,0.4951690827564416
Mongolia,MNG,2006,0.015963816196894208
Moldova,MDA,2006,0.23305290315069493
Senegal,SEN,2006,0.13102306980227466
Ecuador,ECU,2006,0.4355597682274081
Spain,ESP,2006,-0.1841665834565667
Dominican Republic,DOM,2006,0.1829411678460487
Saudi Arabia,SAU,2006,0.44021128240568846
"Micronesia, Fed. Sts.",FSM,2006,-0.30412472733308304
Brunei Darussalam,BRN,2006,0.18220704253945136
Kiribati,KIR,2006,-0.16356103638707295
Dominica,DMA,2006,-0.3341966642905729
"Korea, Rep.",KOR,2006,-0.08555006978618347
Trinidad and Tobago,TTO,2006,0.03675768762546658
"Korea, Dem. People's Rep.",PRK,2006,0.7530905251161157
Brazil,BRA,2006,0.011947179036121037
Mexico,MEX,2006,0.17954592387965837
Mauritius,MUS,2006,-0.35324958747313434
United Kingdom,GBR,2006,-0.1870885070995789
Tonga,TON,2006,0.19835386919991116
Djibouti,DJI,2006,-0.01753526429762447
South Africa,ZAF,2006,-0.5450329429096731
Kuwait,KWT,2006,0.5364102803064057
Bulgaria,BGR,2006,-0.09099959043958103
Serbia,SRB,2006,-0.08577299574381489
United Arab Emirates,ARE,2006,0.370531980072045
Martinique,MTQ,2006,-0.45633871613074406
Tunisia,TUN,2006,-0.030961214432735674
Slovenia,SVN,2006,-0.16857160912064925
Latvia,LVA,2006,-0.22962547934569685
Czechia,CZE,2006,-0.19369365542565564
Lao PDR,LAO,2006,0.5165114368434541
Mauritania,MRT,2006,0.17356691549249098
Cabo Verde,CPV,2006,-0.4266467717290245
Burundi,BDI,2006,0.48158945395685215
Burkina Faso,BFA,2006,0.08497588141228932
Denmark,DNK,2006,-0.2519290769714718
Côte d’Ivoire,CIV,2006,0.6196008790993913
Kyrgyz Republic,KGZ,2006,0.469446226531203
United States,USA,2006,-0.1109702040068809
American Samoa,ASM,2006,-0.18579220372972377
Guatemala,GTM,2006,0.32257578191566494
Philippines,PHL,2006,0.23715310889395833
Angola,AGO,2006,0.3377561097410621
Zambia,ZMB,2006,-0.017112629688227955
Algeria,DZA,2006,0.2551005658890777
Singapore,SGP,2006,-0.09285412475841652
São Tomé and Príncipe,STP,2006,0.1084576434534188
Syrian Arab Republic,SYR,2006,0.4680328572185666
Guam,GUM,2006,-0.07820870302671559
Grenada,GRD,2006,-0.18530993010747474
Greece,GRC,2006,-0.10764364417673403
Antigua and Barbuda,ATG,2006,-0.15223158708042178
Peru,PER,2006,0.1853536981408206
Albania,ALB,2007,-0.01729793996879691
Anguilla,AIA,2007,-0.7283427106570743
Zimbabwe,ZWE,2007,0.7142134973619838
Afghanistan,AFG,2007,0.7007924258593246
Guatemala,GTM,2007,0.3184434888526848
Philippines,PHL,2007,0.2502819559500972
American Samoa,ASM,2007,-0.22044602404771357
Tunisia,TUN,2007,-0.013059030388257063
United States,USA,2007,-0.11797545552954704
Côte d’Ivoire,CIV,2007,0.5998315110160938
Kyrgyz Republic,KGZ,2007,0.4712623568204741
Burkina Faso,BFA,2007,0.06743799546672703
Denmark,DNK,2007,-0.1818336680848551
West Bank and Gaza,PSE,2007,0.1262578775848522
Pakistan,PAK,2007,0.5571994716669036
Guinea-Bissau,GNB,2007,0.4205475548387612
Sweden,SWE,2007,-0.24952191554189757
Papua New Guinea,PNG,2007,0.36930039585130514
Antigua and Barbuda,ATG,2007,-0.13682814619213346
Paraguay,PRY,2007,0.35752741641101926
Germany,DEU,2007,-0.2557554684832344
Argentina,ARG,2007,0.12654669331573426
"Gambia, The",GMB,2007,0.11556084075660693
Georgia,GEO,2007,-0.1610655454265434
Haiti,HTI,2007,0.2874593773749746
Norway,NOR,2007,0.3079053350859449
Austria,AUT,2007,-0.20979513182693865
Ghana,GHA,2007,-0.10655623751790078
Switzerland,CHE,2007,0.06702173708665632
Panama,PAN,2007,0.04639510302448674
Armenia,ARM,2007,-0.03556235669132642
Aruba,ABW,2007,-0.28037487072237904
Azerbaijan,AZE,2007,0.4004654135785175
Oman,OMN,2007,0.16698863862183227
Honduras,HND,2007,0.34821066785715077
Suriname,SUR,2007,-0.011066700007299288
Gabon,GAB,2007,0.10756187785388292
"Hong Kong SAR, China",HKG,2007,-0.15441941393559155
Virgin Islands (U.S.),VIR,2007,0.23091460847651027
Romania,ROU,2007,0.033414589508524
Viet Nam,VNM,2007,0.3302548798283158
Australia,AUS,2007,-0.258023107523727
Puerto Rico (U.S.),PRI,2007,-0.38874321351297814
Guyana,GUY,2007,0.0973965636983914
Cabo Verde,CPV,2007,-0.41411202873670794
Burundi,BDI,2007,0.5141323240491068
Mauritania,MRT,2007,0.2484130886469165
Slovenia,SVN,2007,-0.1439266387952007
Czechia,CZE,2007,-0.14756026613375542
Lao PDR,LAO,2007,0.5042592429401074
Martinique,MTQ,2007,-0.4400113906129866
Latvia,LVA,2007,-0.207219077266368
Serbia,SRB,2007,-0.03638078004361271
United Arab Emirates,ARE,2007,0.3952768717503427
France,FRA,2007,-0.16551185880140254
St. Vincent and the Grenadines,VCT,2007,-0.6432012116915673
Hungary,HUN,2007,-0.2489509378616978
Malaysia,MYS,2007,0.07089793926874527
Chad,TCD,2007,0.7052077218417698
Luxembourg,LUX,2007,0.5998796464900388
Seychelles,SYC,2007,-0.0022239325642350555
"Congo, Dem. Rep.",COD,2007,0.6971977700701815
Liechtenstein,LIE,2007,0.8079345928763288
China,CHN,2007,0.3374203822731298
Chile,CHL,2007,-0.5403749365664082
Bangladesh,BGD,2007,0.4247312255996086
Qatar,QAT,2007,0.6833834018696999
Tanzania,TZA,2007,0.1310056216372076
Fiji,FJI,2007,0.2571816124542967
"Bahamas, The",BHS,2007,-0.300585306346516
North Macedonia,MKD,2007,-0.4257355553810509
India,IND,2007,-0.02468943682190824
Iceland,ISL,2007,0.01688267447492724
Tajikistan,TJK,2007,0.5061003628952332
French Guiana,GUF,2007,-0.3735268425016697
Kuwait,KWT,2007,0.5894627604933883
Bulgaria,BGR,2007,-0.03199776859063846
Djibouti,DJI,2007,-0.05046755593401234
South Africa,ZAF,2007,-0.5180164935117113
United Kingdom,GBR,2007,-0.16417424586328097
Tonga,TON,2007,0.15137093955905342
Mexico,MEX,2007,0.2146068538302006
Mauritius,MUS,2007,-0.3633093676329556
Trinidad and Tobago,TTO,2007,0.09270607930093203
"Korea, Dem. People's Rep.",PRK,2007,0.750040877424922
Kiribati,KIR,2007,-0.1272320424082243
Dominica,DMA,2007,-0.3377444721382777
"Korea, Rep.",KOR,2007,-0.055498996976491716
Indonesia,IDN,2007,0.1504737410910049
Finland,FIN,2007,-0.3364634608398206
Niger,NER,2007,0.258172042493085
Nicaragua,NIC,2007,0.2511131817662784
Barbados,BRB,2007,-0.4737064353731613
"Venezuela, RB",VEN,2007,0.6489148150884689
New Zealand,NZL,2007,-0.46871000528174267
Russian Federation,RUS,2007,0.4058775228190279
Nigeria,NGA,2007,0.4380554849014056
Bahrain,BHR,2007,0.34273400737171533
"Iran, Islamic Rep.",IRN,2007,0.4554055384255071
Netherlands,NLD,2007,-0.12950969893174494
Turkmenistan,TKM,2007,0.6541938331335427
Slovak Republic,SVK,2007,-0.24968133423335956
Libya,LBY,2007,0.3886060223083514
Sierra Leone,SLE,2007,0.2607391020924518
Costa Rica,CRI,2007,-0.22894811915068558
Central African Republic,CAF,2007,0.5354331111505041
Cayman Islands,CYM,2007,0.4754015086085806
Maldives,MDV,2007,0.1702286193136874
Ukraine,UKR,2007,0.2318211668932218
Uganda,UGA,2007,0.20105950866878222
Brunei Darussalam,BRN,2007,0.20565721785210966
Saudi Arabia,SAU,2007,0.4469000035278273
"Micronesia, Fed. Sts.",FSM,2007,-0.22122781944854106
Dominican Republic,DOM,2007,0.20582073111055016
Uruguay,URY,2007,-0.387029577522697
Ecuador,ECU,2007,0.4314788188866359
Spain,ESP,2007,-0.18473101686276383
Moldova,MDA,2007,0.2504629031478756
Botswana,BWA,2007,-0.6272436387095178
Ireland,IRL,2007,-0.03291598524984059
Ethiopia,ETH,2007,0.40784479361733283
Nepal,NPL,2007,0.29335698941732496
Vanuatu,VUT,2007,-0.15202252639272618
Réunion,REU,2007,-0.48116304556847683
Belgium,BEL,2007,-0.09841425596389214
Belarus,BLR,2007,0.4215877231766597
Sudan,SDN,2007,0.5163889440519726
Netherlands Antilles (former),ANT,2007,-0.5032111009131768
Iraq,IRQ,2007,0.7211533099358118
Federal Republic of Somalia,SOM,2007,1.0450695701569945
Marshall Islands,MHL,2007,-0.12477667641304516
Cameroon,CMR,2007,0.3633888663070722
Lesotho,LSO,2007,-0.20854132694412275
Liberia,LBR,2007,0.4150661517515098
Tuvalu,TUV,2007,-0.18661205984200213
"Congo, Rep.",COG,2007,0.26954926122095035
Croatia,HRV,2007,-0.0942836866221225
Eswatini,SWZ,2007,-0.3176143410212998
Uzbekistan,UZB,2007,0.6184112418972876
Belize,BLZ,2007,0.015190071299449463
Israel,ISR,2007,-0.0019231901682566783
Brazil,BRA,2007,0.019243581194201432
Senegal,SEN,2007,0.12455026918805577
Cambodia,KHM,2007,0.4935086135221688
Lebanon,LBN,2007,0.3532657907277263
Cuba,CUB,2007,0.39459128658977005
Solomon Islands,SLB,2007,0.292439091807213
Mali,MLI,2007,0.1038260649010191
Cyprus,CYP,2007,-0.1724340587919169
Malta,MLT,2007,-0.32201524262108994
Bolivia,BOL,2007,0.2957191586097841
Bhutan,BTN,2007,-0.07438189951632086
Benin,BEN,2007,0.08812731284350492
Jamaica,JAM,2007,-0.025254053398178645
Bermuda,BMU,2007,0.7201113714819326
St. Lucia,LCA,2007,-0.5344630070590402
Italy,ITA,2007,0.137943430360471
Sri Lanka,LKA,2007,0.23472531669659413
Timor-Leste,TLS,2007,0.34668211454790215
Estonia,EST,2007,-0.3340297597401919
Canada,CAN,2007,-0.296107220501395
Myanmar,MMR,2007,0.8439523169500017
Mozambique,MOZ,2007,0.10753854977994372
Bosnia and Herzegovina,BIH,2007,-0.17304738377819606
Eritrea,ERI,2007,0.5830191449193001
Nauru,NRU,2007,-0.19264694709620692
Thailand,THA,2007,0.3088598461086038
Rwanda,RWA,2007,0.011718361205296526
Namibia,NAM,2007,-0.5917998846348832
"Egypt, Arab Rep.",EGY,2007,0.16586696318036798
Kazakhstan,KAZ,2007,0.3121496089809188
El Salvador,SLV,2007,0.07154821080189237
Kenya,KEN,2007,0.3579927768998956
Morocco,MAR,2007,0.11571080546586754
Mongolia,MNG,2007,0.08046783708667819
Togo,TGO,2007,0.43750922914637413
Samoa,WSM,2007,-0.21319979196933544
Montenegro,MNE,2007,-0.16147888549919004
Jordan,JOR,2007,-0.0922649069600096
St. Kitts and Nevis,KNA,2007,-0.35992003375815396
Equatorial Guinea,GNQ,2007,0.7132234038294074
Japan,JPN,2007,-0.10531173088792772
Peru,PER,2007,0.18910511431030613
Grenada,GRD,2007,-0.17862276226411541
"Taiwan, China",TWN,2007,-0.5094972043290787
Greece,GRC,2007,-0.009464654043660259
Syrian Arab Republic,SYR,2007,0.4289620276329354
Guam,GUM,2007,-0.08472034344208289
Guinea,GIN,2007,0.6206723389127468
São Tomé and Príncipe,STP,2007,0.10646162060069875
Singapore,SGP,2007,-0.06309614365372644
Angola,AGO,2007,0.3248664272126763
Algeria,DZA,2007,0.27890612993707914
Zambia,ZMB,2007,-0.008251391737488461
Madagascar,MDG,2007,0.1300477792588815
Türkiye,TUR,2007,-0.044876962335298136
"Macao SAR, China",MAC,2007,0.28825204291513834
Lithuania,LTU,2007,-0.1649446831202841
Comoros,COM,2007,0.4749384529551106
Colombia,COL,2007,0.12228497405819304
Malawi,MWI,2007,0.08924778500861345
Portugal,PRT,2007,-0.30556267178711993
"Yemen, Rep.",YEM,2007,0.3301160019182881
Poland,POL,2007,-0.22138614498317827
Anguilla,AIA,2008,-0.7191614246037322
"Yemen, Rep.",YEM,2008,0.36291102177591084
Portugal,PRT,2008,-0.32499657758408773
Albania,ALB,2008,-0.021722510340552233
Afghanistan,AFG,2008,0.7209874966831417
Comoros,COM,2008,0.4642479261970647
Zimbabwe,ZWE,2008,0.7048221782021855
Malawi,MWI,2008,0.07701463795259902
Philippines,PHL,2008,0.26704579944378265
Madagascar,MDG,2008,0.22890096183114356
Guatemala,GTM,2008,0.3168495548429069
Türkiye,TUR,2008,-0.05313755528627354
Zambia,ZMB,2008,-0.028757097268388508
American Samoa,ASM,2008,-0.2212004846226656
Lithuania,LTU,2008,-0.2556735647893258
Mongolia,MNG,2008,0.06546081583821844
Montenegro,MNE,2008,-0.20607009275724683
Jordan,JOR,2008,-0.059135777499942935
Morocco,MAR,2008,0.1169703205541474
Kazakhstan,KAZ,2008,0.2889776063311262
Togo,TGO,2008,0.4214614711171642
"Egypt, Arab Rep.",EGY,2008,0.14954227622881622
Rwanda,RWA,2008,0.00013533221486604233
Namibia,NAM,2008,-0.5890513075924402
Eritrea,ERI,2008,0.5813713798869101
Japan,JPN,2008,-0.11061075894869447
Nauru,NRU,2008,-0.22935511318205343
Samoa,WSM,2008,-0.20208014329807614
Bosnia and Herzegovina,BIH,2008,-0.10164952674247311
Thailand,THA,2008,0.2819424855187056
Azerbaijan,AZE,2008,0.3963506228930597
"Hong Kong SAR, China",HKG,2008,-0.1557270787798013
Armenia,ARM,2008,-0.12225914565336003
Aruba,ABW,2008,-0.34469453442225595
Ghana,GHA,2008,-0.1182679085885511
Guinea-Bissau,GNB,2008,0.4211445112978458
Panama,PAN,2008,0.037683849172731786
Oman,OMN,2008,0.14420072702816583
Norway,NOR,2008,0.20057816350372326
Guyana,GUY,2008,0.09209114895832497
Austria,AUT,2008,-0.21194136488803897
Georgia,GEO,2008,-0.24791898097499326
Switzerland,CHE,2008,0.07706091603619396
Germany,DEU,2008,-0.2632649556388218
Lao PDR,LAO,2008,0.5034313596773562
Martinique,MTQ,2008,-0.429061412092301
Mauritania,MRT,2008,0.2766642671496935
Slovenia,SVN,2008,-0.1658684621873599
Czechia,CZE,2008,-0.17744128948425017
Denmark,DNK,2008,-0.1976177081391593
Cabo Verde,CPV,2008,-0.4284468570640568
Serbia,SRB,2008,-0.035795426337643134
Burundi,BDI,2008,0.5221176415407479
Australia,AUS,2008,-0.2672451564237054
Haiti,HTI,2008,0.27406811963705974
Romania,ROU,2008,0.027448238243832468
"Gambia, The",GMB,2008,0.12650368776084872
Honduras,HND,2008,0.3710133795875804
Viet Nam,VNM,2008,0.3267250070798255
Gabon,GAB,2008,0.08646024768833306
Suriname,SUR,2008,-0.004611847371550627
El Salvador,SLV,2008,0.04321683347089566
Myanmar,MMR,2008,0.8632477761951461
Mozambique,MOZ,2008,0.10176525696926256
Sri Lanka,LKA,2008,0.19365066193830927
Timor-Leste,TLS,2008,0.3556896919549264
Canada,CAN,2008,-0.34903801439396026
St. Lucia,LCA,2008,-0.5619943632313259
Italy,ITA,2008,0.10235715842004615
Vanuatu,VUT,2008,-0.12364944648945908
Benin,BEN,2008,0.08822680341099941
Jamaica,JAM,2008,-0.025010273492729936
Israel,ISR,2008,0.009964962939776712
Bolivia,BOL,2008,0.2952058331046836
Bhutan,BTN,2008,-0.07582800575206532
Bermuda,BMU,2008,0.6920957092034947
Cyprus,CYP,2008,-0.1823728230618392
Cameroon,CMR,2008,0.35450199381819847
Malta,MLT,2008,-0.300603608834591
Kenya,KEN,2008,0.3812482239272686
Cuba,CUB,2008,0.3957075369903532
Solomon Islands,SLB,2008,0.27888110822194895
Mali,MLI,2008,0.12218692427785591
Latvia,LVA,2008,-0.3294127415692197
Cambodia,KHM,2008,0.499137277531594
Lebanon,LBN,2008,0.3759643068002138
Brazil,BRA,2008,-0.03168527965491157
Senegal,SEN,2008,0.12408903370615502
Uzbekistan,UZB,2008,0.612245341603122
Belize,BLZ,2008,-0.004271798695067621
Iraq,IRQ,2008,0.6516272887712734
Tuvalu,TUV,2008,-0.18932953557841503
Libya,LBY,2008,0.36275658576102265
"Congo, Rep.",COG,2008,0.24104823072684028
Turkmenistan,TKM,2008,0.6852795323289947
Croatia,HRV,2008,-0.11218034369524359
"Bahamas, The",BHS,2008,-0.34159174593728636
Bangladesh,BGD,2008,0.4022706950400481
Qatar,QAT,2008,0.5455123673882093
Bahrain,BHR,2008,0.3749405269271486
Liechtenstein,LIE,2008,0.7267718972784584
Seychelles,SYC,2008,-0.03558988896010033
Malaysia,MYS,2008,0.07635719854013476
Sierra Leone,SLE,2008,0.24905037527004273
"Congo, Dem. Rep.",COD,2008,0.6886135987999266
Chad,TCD,2008,0.6701286397697555
Ukraine,UKR,2008,0.22022516494164107
Luxembourg,LUX,2008,0.5297970014224938
Indonesia,IDN,2008,0.14950996320434617
St. Vincent and the Grenadines,VCT,2008,-0.6519861936476385
United Arab Emirates,ARE,2008,0.3209015607531897
South Africa,ZAF,2008,-0.5102427316590006
Liberia,LBR,2008,0.38977816609101
Marshall Islands,MHL,2008,-0.1294504723860432
Lesotho,LSO,2008,-0.25008802805288716
Sudan,SDN,2008,0.5443313508318577
Ethiopia,ETH,2008,0.4172642185744295
Federal Republic of Somalia,SOM,2008,1.0275026008306987
Belgium,BEL,2008,-0.1514432620409338
Belarus,BLR,2008,0.42439669746804254
Ireland,IRL,2008,-0.13066127666885116
Nepal,NPL,2008,0.2755565510438666
Réunion,REU,2008,-0.46913222149602934
Estonia,EST,2008,-0.41589835631546795
Eswatini,SWZ,2008,-0.3082357799232462
Spain,ESP,2008,-0.2538274946284003
Moldova,MDA,2008,0.25722480868200304
Botswana,BWA,2008,-0.6348934807871083
Mexico,MEX,2008,0.17454610540179058
Mauritius,MUS,2008,-0.33926194411637156
United Kingdom,GBR,2008,-0.21526849576593005
Tonga,TON,2008,0.14097048149850003
Kuwait,KWT,2008,0.508102067070862
Bulgaria,BGR,2008,-0.035259316860700406
Djibouti,DJI,2008,-0.0633057346575335
Hungary,HUN,2008,-0.26192559011829997
Tajikistan,TJK,2008,0.48311911312332695
French Guiana,GUF,2008,-0.4673832461440165
North Macedonia,MKD,2008,-0.4059487406664077
India,IND,2008,0.003170060365256609
Iceland,ISL,2008,-0.20292522129410623
Tanzania,TZA,2008,0.12306267301122709
Fiji,FJI,2008,0.3238776992019316
Virgin Islands (U.S.),VIR,2008,0.13703556879384954
Ecuador,ECU,2008,0.41332714722601466
Uruguay,URY,2008,-0.3711832805762744
Dominican Republic,DOM,2008,0.20575333264699533
Saudi Arabia,SAU,2008,0.4342852385781784
"Micronesia, Fed. Sts.",FSM,2008,-0.18583584777279136
Kiribati,KIR,2008,-0.10208594146957956
"Korea, Rep.",KOR,2008,-0.07608926595435307
Brunei Darussalam,BRN,2008,0.07677929602254387
Dominica,DMA,2008,-0.33495105541442893
Uganda,UGA,2008,0.20592975347277434
Central African Republic,CAF,2008,0.409633938561572
Nicaragua,NIC,2008,0.2453130644692945
Costa Rica,CRI,2008,-0.2773215988556955
Cayman Islands,CYM,2008,0.4421410764108727
Slovak Republic,SVK,2008,-0.24331670192057103
Maldives,MDV,2008,0.13923375611602878
"Iran, Islamic Rep.",IRN,2008,0.49418405908617946
Netherlands Antilles (former),ANT,2008,-0.4724454113451402
Netherlands,NLD,2008,-0.1409623160660074
France,FRA,2008,-0.17803555776553398
Nigeria,NGA,2008,0.43676415896144466
New Zealand,NZL,2008,-0.5314332365793502
Russian Federation,RUS,2008,0.3910467001359423
"Taiwan, China",TWN,2008,-0.5062654022264228
Barbados,BRB,2008,-0.4902026443953318
Finland,FIN,2008,-0.3924886865770084
"Venezuela, RB",VEN,2008,0.688250158183384
Niger,NER,2008,0.3165488959751007
"Korea, Dem. People's Rep.",PRK,2008,0.75163303789433
Trinidad and Tobago,TTO,2008,0.0813229309328769
"Macao SAR, China",MAC,2008,0.22021127471408988
China,CHN,2008,0.3339836550481417
Chile,CHL,2008,-0.5821839895315939
Singapore,SGP,2008,-0.08903581479095046
Colombia,COL,2008,0.12258931795957541
Angola,AGO,2008,0.28841032079251216
Guinea,GIN,2008,0.6078811439589911
São Tomé and Príncipe,STP,2008,0.10577751957980364
Syrian Arab Republic,SYR,2008,0.4193650895917724
Guam,GUM,2008,-0.0767600299843249
Peru,PER,2008,0.18960169603870117
Grenada,GRD,2008,-0.1770838293218363
Greece,GRC,2008,0.01305143019269428
St. Kitts and Nevis,KNA,2008,-0.3825561246326745
Equatorial Guinea,GNQ,2008,0.6551933333255839
Argentina,ARG,2008,0.14729864467640408
Antigua and Barbuda,ATG,2008,-0.16261638832868136
Paraguay,PRY,2008,0.32761835007108525
Poland,POL,2008,-0.2712586614563723
Palau,PLW,2008,-0.14602030465412577
Sweden,SWE,2008,-0.33554563045899194
Papua New Guinea,PNG,2008,0.37858998948313927
West Bank and Gaza,PSE,2008,0.03784624450832629
Puerto Rico (U.S.),PRI,2008,-0.3507722729809758
Pakistan,PAK,2008,0.5848840746263403
Kyrgyz Republic,KGZ,2008,0.4874710439009209
Burkina Faso,BFA,2008,0.06118327398065016
Tunisia,TUN,2008,-0.015171496710561025
United States,USA,2008,-0.15037805056496636
Kosovo,XKX,2008,0.04343312067090103
Côte d’Ivoire,CIV,2008,0.5160759812070947
Algeria,DZA,2008,0.3416319413937791
Tunisia,TUN,2009,0.013916698412516106
Denmark,DNK,2009,-0.25454446704408457
Peru,PER,2009,0.17429828103502013
Algeria,DZA,2009,0.3651515515736703
Pakistan,PAK,2009,0.5918014717081627
Côte d’Ivoire,CIV,2009,0.5202180208198738
Burundi,BDI,2009,0.5734844572883592
Burkina Faso,BFA,2009,0.0879708149414088
Sweden,SWE,2009,-0.3287627572635034
Papua New Guinea,PNG,2009,0.38182206989918643
Puerto Rico (U.S.),PRI,2009,-0.3432002179427042
Palau,PLW,2009,-0.1493327993464198
Antigua and Barbuda,ATG,2009,-0.2186114126039909
Argentina,ARG,2009,0.14473046473024737
Paraguay,PRY,2009,0.3318683598464752
Greenland,GRL,2009,-0.16957829671613037
Jordan,JOR,2009,-0.025707905770332187
St. Kitts and Nevis,KNA,2009,-0.42315374125359817
Equatorial Guinea,GNQ,2009,0.6609486936016108
Afghanistan,AFG,2009,0.7289279221664884
Zimbabwe,ZWE,2009,0.6836978323384304
Syrian Arab Republic,SYR,2009,0.44197927458444675
Grenada,GRD,2009,-0.1854645965227362
Guam,GUM,2009,-0.04950655787447271
Colombia,COL,2009,0.13019766881751818
Angola,AGO,2009,0.2637111349327503
Guinea,GIN,2009,0.5659193561773751
São Tomé and Príncipe,STP,2009,0.10768377424053935
Lithuania,LTU,2009,-0.3985580609040678
China,CHN,2009,0.35324263288437563
Chile,CHL,2009,-0.5441467213408032
"Macao SAR, China",MAC,2009,0.2586193840230698
Finland,FIN,2009,-0.4309244018314074
Nicaragua,NIC,2009,0.26239749164622395
"Korea, Dem. People's Rep.",PRK,2009,0.6858233578619152
"Taiwan, China",TWN,2009,-0.5386111296748737
Vanuatu,VUT,2009,-0.13589367533280436
Russian Federation,RUS,2009,0.4003819673968256
"Venezuela, RB",VEN,2009,0.7051798673778661
Niger,NER,2009,0.33765693076586234
France,FRA,2009,-0.19466629973316577
Bahrain,BHR,2009,0.32939162795768157
Nigeria,NGA,2009,0.48342675661193824
"Bahamas, The",BHS,2009,-0.35711315341399036
New Zealand,NZL,2009,-0.5049646310472234
Barbados,BRB,2009,-0.45762059251705706
Maldives,MDV,2009,0.12286780230145526
Federal Republic of Somalia,SOM,2009,1.0417517915851662
Belize,BLZ,2009,-0.018794588998034694
Netherlands Antilles (former),ANT,2009,-0.44154249651963234
Costa Rica,CRI,2009,-0.2860040447113352
Cayman Islands,CYM,2009,0.3975182951753356
Netherlands,NLD,2009,-0.1693849239890375
Slovak Republic,SVK,2009,-0.2676489950660967
Dominica,DMA,2009,-0.35081231172213967
Bulgaria,BGR,2009,-0.04401127060191238
Uganda,UGA,2009,0.20738151205725666
Central African Republic,CAF,2009,0.43877471594821277
Saudi Arabia,SAU,2009,0.4243800124336613
Spain,ESP,2009,-0.33137280132503266
"Micronesia, Fed. Sts.",FSM,2009,-0.17874710287338064
Brunei Darussalam,BRN,2009,0.03600274185161238
Kiribati,KIR,2009,-0.08939431123362213
Uruguay,URY,2009,-0.35557164835114385
Ecuador,ECU,2009,0.4246324407430419
Dominican Republic,DOM,2009,0.21032424908917752
India,IND,2009,0.019943022658565783
Tanzania,TZA,2009,0.12788809354872158
Fiji,FJI,2009,0.356041498078391
Iceland,ISL,2009,-0.25952252522391583
Hungary,HUN,2009,-0.2609552592988351
Tajikistan,TJK,2009,0.4788276383674846
North Macedonia,MKD,2009,-0.31821689459368263
United Kingdom,GBR,2009,-0.2327465587981763
Djibouti,DJI,2009,-0.04573223813626162
Tonga,TON,2009,0.07377558389268786
South Africa,ZAF,2009,-0.5046349485701676
Trinidad and Tobago,TTO,2009,0.0747531853308081
Mexico,MEX,2009,0.19006179215885516
Mauritius,MUS,2009,-0.29286499826765944
"Korea, Rep.",KOR,2009,-0.0844795605267909
Kuwait,KWT,2009,0.45670210112458137
Estonia,EST,2009,-0.5028620523096172
Réunion,REU,2009,-0.465126919845603
Eswatini,SWZ,2009,-0.24525493429408995
Botswana,BWA,2009,-0.6456782876045901
"Iran, Islamic Rep.",IRN,2009,0.4917389040783605
Ireland,IRL,2009,-0.18300511285500345
Nepal,NPL,2009,0.2791776792907801
Iraq,IRQ,2009,0.6345913911791811
Sudan,SDN,2009,0.5500094725267368
Ethiopia,ETH,2009,0.4289643761352352
Belgium,BEL,2009,-0.16036049188517817
Belarus,BLR,2009,0.44797548352461414
Liberia,LBR,2009,0.32693934124233565
Canada,CAN,2009,-0.3009909863789609
Tuvalu,TUV,2009,-0.20390537524559804
Lesotho,LSO,2009,-0.26278628503064627
Indonesia,IDN,2009,0.18258390341797734
St. Vincent and the Grenadines,VCT,2009,-0.6738958799771863
Cambodia,KHM,2009,0.4940485184659163
United Arab Emirates,ARE,2009,0.35858791426578024
Kosovo,XKX,2009,0.16613067929269418
"Congo, Dem. Rep.",COD,2009,0.7176529755579583
Chad,TCD,2009,0.6303234970639141
Ukraine,UKR,2009,0.2281765100821273
French Guiana,GUF,2009,-0.5601145697822216
Seychelles,SYC,2009,-0.061050761503962686
Malaysia,MYS,2009,0.06155618804220236
Luxembourg,LUX,2009,0.5522800809109633
Sierra Leone,SLE,2009,0.23343471094958607
Bangladesh,BGD,2009,0.41261437023522124
Qatar,QAT,2009,0.5553099530266987
Liechtenstein,LIE,2009,0.7545913754195404
Libya,LBY,2009,0.4340312374651513
"Congo, Rep.",COG,2009,0.2514823381784084
Cook Islands,COK,2009,-0.03962391008219322
Turkmenistan,TKM,2009,0.7032700099306954
Croatia,HRV,2009,-0.13984639841185667
Senegal,SEN,2009,0.1687285840458225
Solomon Islands,SLB,2009,0.2728026927213901
Uzbekistan,UZB,2009,0.6126742884323264
Latvia,LVA,2009,-0.4349449641366252
Lebanon,LBN,2009,0.3752113439305496
Brazil,BRA,2009,-0.02861529380264591
Moldova,MDA,2009,0.21319904290529149
Malta,MLT,2009,-0.2973856377552615
Cuba,CUB,2009,0.4122411547270735
Mali,MLI,2009,0.1693415313442901
Bhutan,BTN,2009,-0.05952988899060286
Bermuda,BMU,2009,0.6590207382782369
Cyprus,CYP,2009,-0.20864086979479418
Cameroon,CMR,2009,0.36541469489083517
Benin,BEN,2009,0.09889362069199467
Jamaica,JAM,2009,-0.021655520879145344
Bolivia,BOL,2009,0.2710374086104493
Timor-Leste,TLS,2009,0.35580823922819943
Israel,ISR,2009,0.008659826089346906
St. Lucia,LCA,2009,-0.6200937354843287
Italy,ITA,2009,0.0987420812038184
El Salvador,SLV,2009,0.06782817114306912
Myanmar,MMR,2009,0.7787524759086083
Mozambique,MOZ,2009,0.14942671368679905
Romania,ROU,2009,0.0052014489067015775
Honduras,HND,2009,0.37816066156065176
Viet Nam,VNM,2009,0.3411402983310079
Lao PDR,LAO,2009,0.5034549370518141
"Gambia, The",GMB,2009,0.13809284770914812
Australia,AUS,2009,-0.2123914282665926
Haiti,HTI,2009,0.2704285106970066
Gabon,GAB,2009,0.06432962298983251
Slovenia,SVN,2009,-0.18591171387087646
Cabo Verde,CPV,2009,-0.37257411293964365
Czechia,CZE,2009,-0.19584975602873952
Mauritania,MRT,2009,0.24311615815914622
Marshall Islands,MHL,2009,-0.12730744732892446
Serbia,SRB,2009,-0.10039121031461982
Martinique,MTQ,2009,-0.4264401397762732
Austria,AUT,2009,-0.22088358482120588
Georgia,GEO,2009,-0.27785480043988964
Poland,POL,2009,-0.32586589458068094
Switzerland,CHE,2009,0.08893935113555908
Germany,DEU,2009,-0.24724856243979024
Oman,OMN,2009,0.14850513457522965
Norway,NOR,2009,0.2410003919776772
Guyana,GUY,2009,0.0925147068174611
Armenia,ARM,2009,-0.1330503448264361
Aruba,ABW,2009,-0.35248932194756194
Ghana,GHA,2009,-0.11833577033036455
Guinea-Bissau,GNB,2009,0.4291391763829529
West Bank and Gaza,PSE,2009,0.0007008100401220612
Suriname,SUR,2009,0.03638485493658723
Azerbaijan,AZE,2009,0.4269244237930464
"Hong Kong SAR, China",HKG,2009,-0.1307909394503695
Panama,PAN,2009,0.0610551769835505
Virgin Islands (U.S.),VIR,2009,0.11450479239590312
Thailand,THA,2009,0.3206822267799071
United States,USA,2009,-0.15151544238573858
Samoa,WSM,2009,-0.1844036743303532
Bosnia and Herzegovina,BIH,2009,-0.12793477277770474
Sri Lanka,LKA,2009,0.20420055238120122
Rwanda,RWA,2009,-0.018901831494170854
Namibia,NAM,2009,-0.5342310806014964
Japan,JPN,2009,-0.10563670222157778
Nauru,NRU,2009,-0.26013826612889795
Kenya,KEN,2009,0.35896813687203716
Kazakhstan,KAZ,2009,0.3001094709220212
Togo,TGO,2009,0.4074111606940314
Eritrea,ERI,2009,0.6069888584779378
Mongolia,MNG,2009,0.05859129500954421
"Egypt, Arab Rep.",EGY,2009,0.18865367349320097
Montenegro,MNE,2009,-0.16832911475648096
Morocco,MAR,2009,0.09319533889112468
American Samoa,ASM,2009,-0.23890777149798476
Kyrgyz Republic,KGZ,2009,0.4720941773494285
Singapore,SGP,2009,-0.05535027421217394
Zambia,ZMB,2009,-0.0538607491649023
Türkiye,TUR,2009,-0.051016053043968106
Guatemala,GTM,2009,0.32744130432166424
Madagascar,MDG,2009,0.30766613597226006
Philippines,PHL,2009,0.28125693722571576
Albania,ALB,2009,-0.01718273217587467
Anguilla,AIA,2009,-0.7295320666286573
Malawi,MWI,2009,0.053862014976306924
Comoros,COM,2009,0.46671114483795273
Portugal,PRT,2009,-0.3006866401179173
Greece,GRC,2009,-0.018720478512478267
"Yemen, Rep.",YEM,2009,0.41893340053866773
Albania,ALB,2010,0.0070621049948005376
Afghanistan,AFG,2010,0.7189184687820922
Mauritania,MRT,2010,0.2544541138197842
Martinique,MTQ,2010,-0.4291401561231485
Serbia,SRB,2010,-0.15394515895105815
Guinea,GIN,2010,0.5218221758661622
São Tomé and Príncipe,STP,2010,0.09656846158792541
Virgin Islands (U.S.),VIR,2010,0.1491320430656824
Argentina,ARG,2010,0.1605728655727329
Angola,AGO,2010,0.28428133113121895
Philippines,PHL,2010,0.2602862505156811
Greece,GRC,2010,-0.06742889852979286
Sweden,SWE,2010,-0.25528889429191987
Zimbabwe,ZWE,2010,0.6624049983508592
Zambia,ZMB,2010,-0.05673852331051907
Guam,GUM,2010,-0.09363177640251731
Haiti,HTI,2010,0.36194221343456595
El Salvador,SLV,2010,0.09815235065387148
Jordan,JOR,2010,-0.024838292269065834
St. Kitts and Nevis,KNA,2010,-0.41963846320927073
Nicaragua,NIC,2010,0.297923666921849
Vanuatu,VUT,2010,-0.13960711710943396
Bangladesh,BGD,2010,0.4364795088429443
Japan,JPN,2010,-0.08632591305492457
Kenya,KEN,2010,0.3617048390177429
Kazakhstan,KAZ,2010,0.3867201079418483
Ecuador,ECU,2010,0.4298934065026931
Dominican Republic,DOM,2010,0.21120732772327835
Niger,NER,2010,0.3024177655395051
Barbados,BRB,2010,-0.4542125701614442
"Venezuela, RB",VEN,2010,0.6904064034690751
Guinea-Bissau,GNB,2010,0.4529532234731448
Thailand,THA,2010,0.3189113026685873
Eritrea,ERI,2010,0.6255374526303008
Sri Lanka,LKA,2010,0.21331070463501503
Belgium,BEL,2010,-0.12509450608562347
Nigeria,NGA,2010,0.4897117191221732
"Bahamas, The",BHS,2010,-0.34620978525197543
Jamaica,JAM,2010,-0.029185496099863276
Kiribati,KIR,2010,-0.11389934666371108
Dominica,DMA,2010,-0.3500212773983828
Trinidad and Tobago,TTO,2010,0.10104360102456358
Netherlands Antilles (former),ANT,2010,-0.4501299624660621
Netherlands,NLD,2010,-0.1702565740698813
Djibouti,DJI,2010,-0.018035260507900806
Nepal,NPL,2010,0.2791469309148298
Nauru,NRU,2010,-0.26799714968853283
Spain,ESP,2010,-0.35701683658018807
Equatorial Guinea,GNQ,2010,0.6880454059872787
Guyana,GUY,2010,0.11119771113589398
Armenia,ARM,2010,-0.13309001851177782
West Bank and Gaza,PSE,2010,0.09756253272035348
Chad,TCD,2010,0.6290483150421298
Ukraine,UKR,2010,0.28251068518763717
Central African Republic,CAF,2010,0.49513925805033837
Uganda,UGA,2010,0.23370331203650313
Germany,DEU,2010,-0.19760728756538826
Georgia,GEO,2010,-0.2985971462967302
Mauritius,MUS,2010,-0.27544940052372735
"Micronesia, Fed. Sts.",FSM,2010,-0.10999186540394564
Brunei Darussalam,BRN,2010,0.1684069452113503
Malaysia,MYS,2010,0.07623091815457127
Canada,CAN,2010,-0.2277771276521429
Burundi,BDI,2010,0.5899928703742868
Burkina Faso,BFA,2010,0.12889797138117173
Mexico,MEX,2010,0.21565707539106427
Suriname,SUR,2010,0.05138917040718545
Singapore,SGP,2010,0.04169246012669417
Colombia,COL,2010,0.11203937694057542
Malawi,MWI,2010,0.08617087620354577
Brazil,BRA,2010,0.024234415089422274
Gabon,GAB,2010,0.09929419805774427
"Hong Kong SAR, China",HKG,2010,-0.08735700495043056
Honduras,HND,2010,0.36350949882314404
Seychelles,SYC,2010,-0.03676162667140314
Bulgaria,BGR,2010,-0.024979690918953076
Saudi Arabia,SAU,2010,0.45540950187483037
"Gambia, The",GMB,2010,0.1452670696565717
Panama,PAN,2010,0.09262746336893825
Madagascar,MDG,2010,0.3381187656873162
China,CHN,2010,0.3451234051850777
Chile,CHL,2010,-0.4677615420145586
Australia,AUS,2010,-0.11391298603283559
"Korea, Rep.",KOR,2010,-0.05412598803125816
"Korea, Dem. People's Rep.",PRK,2010,0.649134584730919
Tonga,TON,2010,0.038612487063035224
Israel,ISR,2010,0.04190058172357296
Bahrain,BHR,2010,0.430566652564691
Qatar,QAT,2010,0.8719430896051408
Niue,NIU,2010,0.04310837603224808
Kosovo,XKX,2010,0.2090642440253864
Denmark,DNK,2010,-0.24419121373294095
Timor-Leste,TLS,2010,0.3562031926161398
St. Lucia,LCA,2010,-0.6525500446241985
Réunion,REU,2010,-0.4743780048643748
Uzbekistan,UZB,2010,0.6237966951300598
Belize,BLZ,2010,0.002865272817710246
South Africa,ZAF,2010,-0.4847864393363242
Italy,ITA,2010,0.1284892505278981
Puerto Rico (U.S.),PRI,2010,-0.35023675409501515
Palau,PLW,2010,-0.15158216299650173
Pakistan,PAK,2010,0.6244496767659986
Montenegro,MNE,2010,-0.14662448855046425
Mongolia,MNG,2010,0.08944820469244406
Hungary,HUN,2010,-0.23697019897432084
French Guiana,GUF,2010,-0.5553404945243554
Tajikistan,TJK,2010,0.4700097909615616
Türkiye,TUR,2010,-0.03253509500215918
"Macao SAR, China",MAC,2010,0.3947809033149543
Uruguay,URY,2010,-0.3132866428792212
Moldova,MDA,2010,0.18067056121069167
Botswana,BWA,2010,-0.6354691813595194
Lithuania,LTU,2010,-0.3655589748416544
Comoros,COM,2010,0.45925030332065137
Oman,OMN,2010,0.250946834258014
Kuwait,KWT,2010,0.5554563950168231
Tunisia,TUN,2010,-0.05907344816783874
Rwanda,RWA,2010,-0.04678941007267711
Iraq,IRQ,2010,0.6287788460537515
Estonia,EST,2010,-0.455524273575136
Côte d’Ivoire,CIV,2010,0.5330566244717265
Kyrgyz Republic,KGZ,2010,0.45767906425869986
Cyprus,CYP,2010,-0.20786140187468985
Viet Nam,VNM,2010,0.3489210553943524
Eswatini,SWZ,2010,-0.1791094707775314
Ireland,IRL,2010,-0.17477723869895345
Benin,BEN,2010,0.09491468111183507
Czechia,CZE,2010,-0.16465597901473022
Slovenia,SVN,2010,-0.15210243885239713
Lao PDR,LAO,2010,0.498093927820211
Belarus,BLR,2010,0.47265496741737023
Slovak Republic,SVK,2010,-0.23901112926028015
Libya,LBY,2010,0.48310766701858254
Liberia,LBR,2010,0.33767412761331134
Iceland,ISL,2010,-0.18197148844216218
"Taiwan, China",TWN,2010,-0.5606756014804437
France,FRA,2010,-0.1578580421332556
Azerbaijan,AZE,2010,0.46603549307110637
Liechtenstein,LIE,2010,0.882073141279267
Sierra Leone,SLE,2010,0.23960088815827646
Luxembourg,LUX,2010,0.5811700309393986
India,IND,2010,0.05228900646400467
Aruba,ABW,2010,-0.32520021722775944
Bosnia and Herzegovina,BIH,2010,-0.14332783256969225
"Congo, Rep.",COG,2010,0.2617143459254581
"Congo, Dem. Rep.",COD,2010,0.734408866556146
Tuvalu,TUV,2010,-0.19105519680711266
North Macedonia,MKD,2010,-0.2859308104905486
Romania,ROU,2010,0.011999469273856644
Namibia,NAM,2010,-0.4617307190779734
Tanzania,TZA,2010,0.1319173360864915
Fiji,FJI,2010,0.335262489547184
Federal Republic of Somalia,SOM,2010,1.0388611025404655
"Iran, Islamic Rep.",IRN,2010,0.4859106721678219
Sudan,SDN,2010,0.5136370567783946
Croatia,HRV,2010,-0.15156763765685383
Myanmar,MMR,2010,0.7065379330718596
Mozambique,MOZ,2010,0.19642491097697554
Bolivia,BOL,2010,0.286448275662751
Costa Rica,CRI,2010,-0.27597033047049935
Cuba,CUB,2010,0.41981811516067685
Latvia,LVA,2010,-0.3733104470415707
Solomon Islands,SLB,2010,0.2788496346278782
Lesotho,LSO,2010,-0.25755941803504373
Lebanon,LBN,2010,0.3644251528825388
Turkmenistan,TKM,2010,0.7307838465294135
Indonesia,IDN,2010,0.18796772317350863
Finland,FIN,2010,-0.3952692467608751
Bhutan,BTN,2010,-0.05292826288228621
Bermuda,BMU,2010,0.6067009673918015
Norway,NOR,2010,0.2982118487514773
Austria,AUT,2010,-0.1541850222027522
St. Vincent and the Grenadines,VCT,2010,-0.6902414785688403
Cook Islands,COK,2010,-0.0562413739946045
Morocco,MAR,2010,0.11873167579061772
Samoa,WSM,2010,-0.18253978472228458
United States,USA,2010,-0.13164805577734612
Ethiopia,ETH,2010,0.43357058137768767
American Samoa,ASM,2010,-0.24493548559531345
"Yemen, Rep.",YEM,2010,0.4596089419006157
Algeria,DZA,2010,0.4020522738130817
Guatemala,GTM,2010,0.34769486173079783
Anguilla,AIA,2010,-0.7384755379484278
Paraguay,PRY,2010,0.3388474097139308
Portugal,PRT,2010,-0.2892573847714865
Cabo Verde,CPV,2010,-0.36741450899874495
Syrian Arab Republic,SYR,2010,0.5222635529657706
Grenada,GRD,2010,-0.19122590093963385
Greenland,GRL,2010,-0.1640282939815548
Antigua and Barbuda,ATG,2010,-0.21783437708343323
Togo,TGO,2010,0.40386000840085673
"Egypt, Arab Rep.",EGY,2010,0.22577199152780522
New Zealand,NZL,2010,-0.5082061760184223
Russian Federation,RUS,2010,0.45016437219044414
Marshall Islands,MHL,2010,-0.09134467195969151
Switzerland,CHE,2010,0.19169684257282676
Cayman Islands,CYM,2010,0.3806260465523671
Maldives,MDV,2010,0.17071436587915456
Senegal,SEN,2010,0.18171686511833676
Poland,POL,2010,-0.3447605591067349
Papua New Guinea,PNG,2010,0.37348223855089135
Ghana,GHA,2010,-0.09392972558776069
Malta,MLT,2010,-0.24569763123392194
Mali,MLI,2010,0.24863905557941257
Cambodia,KHM,2010,0.5084794493700534
United Arab Emirates,ARE,2010,0.35942882811916266
United Kingdom,GBR,2010,-0.20605413458929986
Cameroon,CMR,2010,0.39968222949659504
Peru,PER,2010,0.160079282012512
Ukraine,UKR,2011,0.31315704711510883
Mauritius,MUS,2011,-0.3284486208915642
United Kingdom,GBR,2011,-0.2081055786673491
Cameroon,CMR,2011,0.4382109871180076
Peru,PER,2011,0.18400322548943918
Mali,MLI,2011,0.3543798768156166
Cambodia,KHM,2011,0.4952202321618756
United Arab Emirates,ARE,2011,0.4170324757636525
Serbia,SRB,2011,-0.18839034847169836
Cabo Verde,CPV,2011,-0.355066724566129
Poland,POL,2011,-0.3585640459925584
Papua New Guinea,PNG,2011,0.38469245009621345
Ghana,GHA,2011,-0.07294502573741425
Malta,MLT,2011,-0.22944053844232323
Switzerland,CHE,2011,0.15136744838589655
Uganda,UGA,2011,0.2708532327395602
Cayman Islands,CYM,2011,0.36036517427650777
Argentina,ARG,2011,0.18897815786490707
Togo,TGO,2011,0.43071852626577933
New Zealand,NZL,2011,-0.4694524362012702
Netherlands Antilles (former),ANT,2011,-0.43910091638183
Senegal,SEN,2011,0.10183854389143468
Grenada,GRD,2011,-0.1879729818617287
Greenland,GRL,2011,-0.16475788187916846
Antigua and Barbuda,ATG,2011,-0.22422822854488766
St. Kitts and Nevis,KNA,2011,-0.4066088792542367
Paraguay,PRY,2011,0.35581461534679043
Portugal,PRT,2011,-0.35348616776479136
Burundi,BDI,2011,0.6053967017740466
Syrian Arab Republic,SYR,2011,0.553591330630215
"Yemen, Rep.",YEM,2011,0.4999540849518519
Algeria,DZA,2011,0.40070206233189243
Anguilla,AIA,2011,-0.7376255412805043
Cook Islands,COK,2011,0.01750604637661999
Morocco,MAR,2011,0.13134740142888948
Samoa,WSM,2011,-0.21984172988860418
Sudan,SDN,2011,0.518166596572372
Norway,NOR,2011,0.32341205851007826
Austria,AUT,2011,-0.15016244302043982
St. Vincent and the Grenadines,VCT,2011,-0.6891223069651806
Liberia,LBR,2011,0.31810483684853974
Finland,FIN,2011,-0.42470807424758306
Fiji,FJI,2011,0.3203511872904887
Bermuda,BMU,2011,0.6042669460936757
United States,USA,2011,-0.10999814473305816
Bosnia and Herzegovina,BIH,2011,-0.17568572615875894
Lesotho,LSO,2011,-0.24483576735491733
Lebanon,LBN,2011,0.3668741820479399
Turkmenistan,TKM,2011,0.7226247933513786
Indonesia,IDN,2011,0.1870578903263143
Cuba,CUB,2011,0.4059890136170503
Latvia,LVA,2011,-0.33901174509424964
Solomon Islands,SLB,2011,0.28052094975895625
Kyrgyz Republic,KGZ,2011,0.44106413603064437
South Sudan,SSD,2011,0.4851357080023899
Myanmar,MMR,2011,0.7300803731732974
Mozambique,MOZ,2011,0.19060181775863042
Bhutan,BTN,2011,-0.060924973320524864
Costa Rica,CRI,2011,-0.26899617823314254
Federal Republic of Somalia,SOM,2011,1.0277469467194822
"Iran, Islamic Rep.",IRN,2011,0.482425981515591
Croatia,HRV,2011,-0.19627225252098573
North Macedonia,MKD,2011,-0.3371696589186399
Romania,ROU,2011,0.031156968858260504
Namibia,NAM,2011,-0.4080230423117209
Tanzania,TZA,2011,0.15923169984385427
Armenia,ARM,2011,-0.13053195169089082
Bolivia,BOL,2011,0.32904703042939015
"Congo, Rep.",COG,2011,0.26026517545452665
Tuvalu,TUV,2011,-0.13861104792211074
Liechtenstein,LIE,2011,0.9087606201047409
Sierra Leone,SLE,2011,0.2525879198603011
Luxembourg,LUX,2011,0.5575713074835988
Aruba,ABW,2011,-0.3239809849319934
Iceland,ISL,2011,-0.16706370003572577
"Taiwan, China",TWN,2011,-0.5658715294335805
France,FRA,2011,-0.1879955548503004
"Congo, Dem. Rep.",COD,2011,0.7296581187975981
Oman,OMN,2011,0.3060957504567597
Slovak Republic,SVK,2011,-0.2356707209697871
Libya,LBY,2011,0.525067847329912
India,IND,2011,0.08055393612847771
Czechia,CZE,2011,-0.16658878998121404
Slovenia,SVN,2011,-0.15539439255105314
Lao PDR,LAO,2011,0.48758277651282567
Belarus,BLR,2011,0.44334726301811694
Viet Nam,VNM,2011,0.36766138693671085
Ethiopia,ETH,2011,0.43218534736156644
Eswatini,SWZ,2011,-0.18031451197617826
Benin,BEN,2011,0.11058217318478064
Iraq,IRQ,2011,0.6397983192351517
Estonia,EST,2011,-0.3940324162667103
Côte d’Ivoire,CIV,2011,0.48775859742704153
Cyprus,CYP,2011,-0.26333245892297197
Kuwait,KWT,2011,0.6577433933368884
Tunisia,TUN,2011,-0.09167311278965017
Rwanda,RWA,2011,-0.07040138991529764
Ireland,IRL,2011,-0.19968523658963208
Moldova,MDA,2011,0.19200782392263083
Botswana,BWA,2011,-0.6231413726975463
Lithuania,LTU,2011,-0.32164798269196215
Azerbaijan,AZE,2011,0.4745157976008983
Türkiye,TUR,2011,-0.017231312513076913
"Macao SAR, China",MAC,2011,0.6574937672954886
Uruguay,URY,2011,-0.28528423559517563
Montenegro,MNE,2011,-0.19472276198206598
Brazil,BRA,2011,0.031595112723083976
Mongolia,MNG,2011,0.14351787508294278
Hungary,HUN,2011,-0.2194772155572862
French Guiana,GUF,2011,-0.5570822844832093
Comoros,COM,2011,0.45273478736583894
Australia,AUS,2011,-0.0558331625117012
Palau,PLW,2011,-0.15428252540400228
Pakistan,PAK,2011,0.6146670933167041
Uzbekistan,UZB,2011,0.6108266652172648
Belize,BLZ,2011,0.023372844052862076
South Africa,ZAF,2011,-0.46464505160066344
Jamaica,JAM,2011,-0.031131363633694478
Denmark,DNK,2011,-0.24360832589695344
Timor-Leste,TLS,2011,0.34762606234717325
St. Lucia,LCA,2011,-0.6362542052812411
Réunion,REU,2011,-0.4666051739541543
Bahrain,BHR,2011,0.5266342167307826
Qatar,QAT,2011,0.9537345917572492
Niue,NIU,2011,0.04326400461669822
Kosovo,XKX,2011,0.20411811238491898
Trinidad and Tobago,TTO,2011,0.12356905118988516
"Korea, Rep.",KOR,2011,-0.04263825912738613
"Korea, Dem. People's Rep.",PRK,2011,0.7368306156745432
Israel,ISR,2011,0.07904838267197964
Malawi,MWI,2011,0.11136144086582125
Madagascar,MDG,2011,0.3887504692464235
Chile,CHL,2011,-0.42688406031743104
Tajikistan,TJK,2011,0.4751729966567848
Bulgaria,BGR,2011,-0.04008725660272287
Saudi Arabia,SAU,2011,0.5140365468196134
Puerto Rico (U.S.),PRI,2011,-0.37058130491779695
Panama,PAN,2011,0.14276244493118975
Gabon,GAB,2011,0.0931150970785643
"Hong Kong SAR, China",HKG,2011,-0.05997054075041547
Honduras,HND,2011,0.3919956286232411
Suriname,SUR,2011,0.04507440641509086
Chad,TCD,2011,0.636221768111394
Singapore,SGP,2011,0.041424305084839276
Colombia,COL,2011,0.14382968502413088
China,CHN,2011,0.3670224566711147
"Gambia, The",GMB,2011,0.1608847134847894
Canada,CAN,2011,-0.2309606622219989
Burkina Faso,BFA,2011,0.15436241841900122
Mexico,MEX,2011,0.22402839303220276
"Micronesia, Fed. Sts.",FSM,2011,-0.086807827753612
Brunei Darussalam,BRN,2011,0.2012695361755821
Seychelles,SYC,2011,-0.02794231670277215
Malaysia,MYS,2011,0.0637833682724429
Maldives,MDV,2011,0.21787004268603558
Germany,DEU,2011,-0.2097288621870783
Haiti,HTI,2011,0.3679612661472562
Guyana,GUY,2011,0.121873758733634
West Bank and Gaza,PSE,2011,0.1303315425447757
Central African Republic,CAF,2011,0.5103882706550149
Djibouti,DJI,2011,-0.005776046996344112
Nepal,NPL,2011,0.2851653170322448
Nauru,NRU,2011,-0.2689403425585975
Japan,JPN,2011,-0.08525221189898909
Kiribati,KIR,2011,-0.14001760135867256
Dominica,DMA,2011,-0.349803435793682
Tonga,TON,2011,0.04505867229238341
Belgium,BEL,2011,-0.147839671295358
Nigeria,NGA,2011,0.4717883604068771
"Bahamas, The",BHS,2011,-0.3307748859473301
Spain,ESP,2011,-0.4301596083114334
Italy,ITA,2011,0.08022553622998448
Thailand,THA,2011,0.33535904578938824
Eritrea,ERI,2011,0.6540386685910707
Netherlands,NLD,2011,-0.209109068902653
Niger,NER,2011,0.2833688665399579
Russian Federation,RUS,2011,0.4998204198614706
Barbados,BRB,2011,-0.4738341527939902
"Venezuela, RB",VEN,2011,0.7193770570556041
Guinea-Bissau,GNB,2011,0.5329972878096276
Kenya,KEN,2011,0.36083773667702007
Kazakhstan,KAZ,2011,0.4243054516120114
Ecuador,ECU,2011,0.42502333111410795
Sri Lanka,LKA,2011,0.22175605334641404
Nicaragua,NIC,2011,0.3334930811614356
Vanuatu,VUT,2011,-0.14208119779797854
Bangladesh,BGD,2011,0.46148094759774966
"Egypt, Arab Rep.",EGY,2011,0.2319765122174591
Equatorial Guinea,GNQ,2011,0.7058322227787742
El Salvador,SLV,2011,0.13081067524489798
Jordan,JOR,2011,-0.024187730905670286
Dominican Republic,DOM,2011,0.1934048892039596
American Samoa,ASM,2011,-0.23431262551737045
Zambia,ZMB,2011,0.005665582859834959
Angola,AGO,2011,0.31138570851073843
Georgia,GEO,2011,-0.3163086395790477
Afghanistan,AFG,2011,0.7054828618059084
Philippines,PHL,2011,0.21529482198770555
Greece,GRC,2011,-0.16693498110129643
Guatemala,GTM,2011,0.37472140813065663
Zimbabwe,ZWE,2011,0.6518648961923562
Guinea,GIN,2011,0.5215686397936441
São Tomé and Príncipe,STP,2011,0.09630274757814335
Virgin Islands (U.S.),VIR,2011,0.008365101621846283
Guam,GUM,2011,-0.09894305964542054
Marshall Islands,MHL,2011,-0.06587323354485897
Mauritania,MRT,2011,0.2949460256510429
Martinique,MTQ,2011,-0.4258967555300419
Sweden,SWE,2011,-0.2699691022783096
Albania,ALB,2011,0.03910744512132045
Guatemala,GTM,2012,0.3791525758814375
American Samoa,ASM,2012,-0.23451268069355682
Zambia,ZMB,2012,0.03910070325969985
Peru,PER,2012,0.19220158124444098
Angola,AGO,2012,0.3283208930750353
Algeria,DZA,2012,0.36504460509214776
Guam,GUM,2012,-0.07863190862717317
Netherlands Antilles (former),ANT,2012,-0.4483406367631435
Togo,TGO,2012,0.4388139571240369
New Zealand,NZL,2012,-0.425339113496179
St. Kitts and Nevis,KNA,2012,-0.3989633389301448
El Salvador,SLV,2012,0.1509737739223488
Jordan,JOR,2012,-0.013553482742133171
Equatorial Guinea,GNQ,2012,0.7209159627927053
Japan,JPN,2012,-0.132064822379545
"Jersey, Channel Islands",JEY,2012,-0.7071384131027365
Vanuatu,VUT,2012,-0.15909706673427698
Argentina,ARG,2012,0.20733283554213652
Poland,POL,2012,-0.35023015023735765
Papua New Guinea,PNG,2012,0.3826063151772141
United Arab Emirates,ARE,2012,0.41868561004637184
Mali,MLI,2012,0.4064070212606182
Cambodia,KHM,2012,0.49159869041043647
Malta,MLT,2012,-0.21986610068506243
Mauritius,MUS,2012,-0.3366636574556509
United Kingdom,GBR,2012,-0.19727056831979467
Ukraine,UKR,2012,0.36257231955505614
Cabo Verde,CPV,2012,-0.3396525564821924
Martinique,MTQ,2012,-0.4191826619147841
Mexico,MEX,2012,0.2336756804034869
Cameroon,CMR,2012,0.45334614374059345
Burkina Faso,BFA,2012,0.18830100980379957
Maldives,MDV,2012,0.2792201822944722
Seychelles,SYC,2012,-0.01420082483837818
Canada,CAN,2012,-0.22728261281816922
Cayman Islands,CYM,2012,0.36537490112582094
Guinea-Bissau,GNB,2012,0.6014850094115822
Switzerland,CHE,2012,0.1674974650989058
Ghana,GHA,2012,-0.04525541905374008
Bangladesh,BGD,2012,0.489072218850604
Sri Lanka,LKA,2012,0.23846540819795745
Nicaragua,NIC,2012,0.3361251373343525
Ecuador,ECU,2012,0.3875832429188106
Dominican Republic,DOM,2012,0.15917726841117164
Kazakhstan,KAZ,2012,0.44307073599686475
"Egypt, Arab Rep.",EGY,2012,0.2732463501119212
Kenya,KEN,2012,0.33632633822743874
Russian Federation,RUS,2012,0.514579351532574
Barbados,BRB,2012,-0.4579350776522031
"Venezuela, RB",VEN,2012,0.7153033110382521
Niger,NER,2012,0.29289388301187946
Thailand,THA,2012,0.35132992238902094
Georgia,GEO,2012,-0.3376286536316402
Haiti,HTI,2012,0.3652427763712208
Germany,DEU,2012,-0.1914938862890134
Uganda,UGA,2012,0.3145153739827236
Malawi,MWI,2012,0.12432852518478567
Central African Republic,CAF,2012,0.5915535092484654
Brunei Darussalam,BRN,2012,0.18030712231612436
Malaysia,MYS,2012,0.05456567890611157
"Micronesia, Fed. Sts.",FSM,2012,-0.11117838978478332
Bulgaria,BGR,2012,-0.025509212742761862
Saudi Arabia,SAU,2012,0.5196041188348044
Chad,TCD,2012,0.6364541379031244
"Macao SAR, China",MAC,2012,0.720590715286978
Chile,CHL,2012,-0.404892744081871
Madagascar,MDG,2012,0.4251318250893387
West Bank and Gaza,PSE,2012,0.11240561445104258
Panama,PAN,2012,0.16364988725694568
Palau,PLW,2012,-0.1391638823898362
Guyana,GUY,2012,0.12138905986997366
Eritrea,ERI,2012,0.7004181474999327
Italy,ITA,2012,0.05969229845941268
Nigeria,NGA,2012,0.48394272221487455
Netherlands,NLD,2012,-0.21471617767509724
Belgium,BEL,2012,-0.13996327811403975
Trinidad and Tobago,TTO,2012,0.16082338039716662
Kiribati,KIR,2012,-0.1461526762986086
Dominica,DMA,2012,-0.3517449588592592
Spain,ESP,2012,-0.43583296722254156
Nepal,NPL,2012,0.2628764976083476
Brazil,BRA,2012,0.0573633441507497
Colombia,COL,2012,0.18059934131604985
China,CHN,2012,0.37201905978089683
Singapore,SGP,2012,0.06069080781434323
Honduras,HND,2012,0.39648663951577623
Suriname,SUR,2012,0.06803611368554946
"Hong Kong SAR, China",HKG,2012,-0.012717919819482282
"Gambia, The",GMB,2012,0.19766535033112906
Gabon,GAB,2012,0.10255008905167753
Puerto Rico (U.S.),PRI,2012,-0.3413153672654931
French Guiana,GUF,2012,-0.5525871481667521
Tajikistan,TJK,2012,0.48428355754142993
Hungary,HUN,2012,-0.19375454180917784
Mongolia,MNG,2012,0.13864203512675582
Uruguay,URY,2012,-0.27347303948471824
Montenegro,MNE,2012,-0.20514196835688245
Comoros,COM,2012,0.43631172065002827
Türkiye,TUR,2012,-0.0020301959294775386
Lithuania,LTU,2012,-0.3037000361846283
Moldova,MDA,2012,0.22006963160373702
Botswana,BWA,2012,-0.5937496303603916
India,IND,2012,0.07966303266052778
Sierra Leone,SLE,2012,0.2611599220816226
Luxembourg,LUX,2012,0.6073023797677766
Liechtenstein,LIE,2012,1.0610267460995433
Slovak Republic,SVK,2012,-0.22606626563902665
"Congo, Rep.",COG,2012,0.2431421795034887
"Congo, Dem. Rep.",COD,2012,0.7103442951126424
Bosnia and Herzegovina,BIH,2012,-0.20705768632489735
Bolivia,BOL,2012,0.327584126423061
Pakistan,PAK,2012,0.5847105290593858
Aruba,ABW,2012,-0.31683954661951896
Armenia,ARM,2012,-0.11366359114622995
Australia,AUS,2012,-0.022600532672933785
Tonga,TON,2012,0.053173340416156345
"Korea, Rep.",KOR,2012,-0.027912106836858762
"Korea, Dem. People's Rep.",PRK,2012,0.8111851191990407
Belarus,BLR,2012,0.4245587858699995
Qatar,QAT,2012,0.8989461985001163
Bahrain,BHR,2012,0.5476095695167394
Israel,ISR,2012,0.11203180243028323
Jamaica,JAM,2012,-0.06476337662852473
Timor-Leste,TLS,2012,0.35518513930102447
United States,USA,2012,-0.06664503199011311
Cook Islands,COK,2012,0.05612197920094048
Morocco,MAR,2012,0.13861210652414246
Samoa,WSM,2012,-0.24193725187943893
Liberia,LBR,2012,0.34623070642573617
Libya,LBY,2012,0.5373488868816345
Azerbaijan,AZE,2012,0.45867193848009596
Oman,OMN,2012,0.30332090644023213
France,FRA,2012,-0.16500209700594246
Iceland,ISL,2012,-0.14423136188104013
"Taiwan, China",TWN,2012,-0.5626751358059816
St. Lucia,LCA,2012,-0.6515780698761782
Kosovo,XKX,2012,0.19764555775194215
Denmark,DNK,2012,-0.21739008154624154
South Africa,ZAF,2012,-0.4512742722209822
Uzbekistan,UZB,2012,0.5849049853387499
Belize,BLZ,2012,0.0393587223653189
Djibouti,DJI,2012,0.04177999040067486
Nauru,NRU,2012,-0.24068965571404438
Réunion,REU,2012,-0.46418385068077594
Bermuda,BMU,2012,0.6326178426850649
Rwanda,RWA,2012,-0.0878157708266556
Tunisia,TUN,2012,-0.049448019977046315
Tuvalu,TUV,2012,-0.12092337804721855
Lesotho,LSO,2012,-0.24295092785550979
Bhutan,BTN,2012,-0.07766811063622028
Fiji,FJI,2012,0.3066464033699275
Tanzania,TZA,2012,0.21041524708156623
Indonesia,IDN,2012,0.18690574460832612
Finland,FIN,2012,-0.40738075470410756
Austria,AUT,2012,-0.14341884889596246
St. Vincent and the Grenadines,VCT,2012,-0.6630255101900983
Norway,NOR,2012,0.3207068662964791
"Iran, Islamic Rep.",IRN,2012,0.4990830303921504
Myanmar,MMR,2012,0.7146149073638988
Mozambique,MOZ,2012,0.23017994955427004
Croatia,HRV,2012,-0.23185939315137769
Solomon Islands,SLB,2012,0.2789311945693928
Cuba,CUB,2012,0.39270296581980546
Latvia,LVA,2012,-0.2915720180389768
Turkmenistan,TKM,2012,0.7099014185107491
Costa Rica,CRI,2012,-0.2540130963100242
Lebanon,LBN,2012,0.3826061943841854
Kuwait,KWT,2012,0.6472560354624808
South Sudan,SSD,2012,0.5173678785920449
Côte d’Ivoire,CIV,2012,0.45506435695194636
Kyrgyz Republic,KGZ,2012,0.4166635818702633
Iraq,IRQ,2012,0.6343015129830529
Estonia,EST,2012,-0.3718770798729487
Ireland,IRL,2012,-0.164983810834147
Ethiopia,ETH,2012,0.44205887490362594
Eswatini,SWZ,2012,-0.1760801499520504
Romania,ROU,2012,0.023961790811098112
Niue,NIU,2012,0.04753558718111203
Viet Nam,VNM,2012,0.36673355426524473
Cyprus,CYP,2012,-0.30623166856444956
Slovenia,SVN,2012,-0.154480403493022
Lao PDR,LAO,2012,0.466700698045636
Benin,BEN,2012,0.13427924961248808
Czechia,CZE,2012,-0.16519170682062448
Namibia,NAM,2012,-0.48871208067487665
North Macedonia,MKD,2012,-0.33465991004433543
Sudan,SDN,2012,0.5339364050309868
"Bahamas, The",BHS,2012,-0.33155837681695854
Federal Republic of Somalia,SOM,2012,1.0268424482678127
Albania,ALB,2012,0.020760138247718368
"Yemen, Rep.",YEM,2012,0.5011659138501243
Burundi,BDI,2012,0.5984914137537903
Zimbabwe,ZWE,2012,0.6362259613215443
Paraguay,PRY,2012,0.37080807996732523
Portugal,PRT,2012,-0.36820144462431287
Antigua and Barbuda,ATG,2012,-0.21682050004455283
Anguilla,AIA,2012,-0.7202076354237483
Grenada,GRD,2012,-0.17850104569327183
Syrian Arab Republic,SYR,2012,0.5617352284970458
Serbia,SRB,2012,-0.1707109687093138
Mauritania,MRT,2012,0.35298853368957384
Senegal,SEN,2012,0.062469361852748775
Marshall Islands,MHL,2012,-0.06957638525600787
Virgin Islands (U.S.),VIR,2012,-0.1311450947006565
Guinea,GIN,2012,0.5198028689321735
São Tomé and Príncipe,STP,2012,0.1135208383177315
Greece,GRC,2012,-0.2533287486846321
Sweden,SWE,2012,-0.24677773557124644
Afghanistan,AFG,2012,0.6928777987053294
Philippines,PHL,2012,0.18660742001360064
Greenland,GRL,2012,-0.1547554024988149
Greece,GRC,2013,-0.2666089682403159
Philippines,PHL,2013,0.14110165476318748
Greenland,GRL,2013,-0.13390033168316554
Paraguay,PRY,2013,0.3248643024042743
Guam,GUM,2013,-0.0821117124096916
Afghanistan,AFG,2013,0.6678523104041222
"Yemen, Rep.",YEM,2013,0.5347985526427889
Sudan,SDN,2013,0.5652936125406713
"Bahamas, The",BHS,2013,-0.27118557091929796
Viet Nam,VNM,2013,0.3456460030934577
Namibia,NAM,2013,-0.46857718145665406
North Macedonia,MKD,2013,-0.3482590582962232
Lao PDR,LAO,2013,0.40479694031922275
Benin,BEN,2013,0.14931837447314378
Czechia,CZE,2013,-0.170102964683596
Cyprus,CYP,2013,-0.3076662117904011
Slovenia,SVN,2013,-0.1559423067130365
Eswatini,SWZ,2013,-0.1499921816634033
Niue,NIU,2013,0.047196291287433335
Azerbaijan,AZE,2013,0.4238150181456853
Canada,CAN,2013,-0.23755848124990783
Cayman Islands,CYM,2013,0.40557116009995986
Mexico,MEX,2013,0.2710205878374385
Burkina Faso,BFA,2013,0.18902654406541702
Cameroon,CMR,2013,0.4383095987860715
Ukraine,UKR,2013,0.38120516358809453
Cabo Verde,CPV,2013,-0.33316438524749303
Malta,MLT,2013,-0.15281070043706504
Mauritius,MUS,2013,-0.33517804666787127
United Arab Emirates,ARE,2013,0.40145268276083773
Mali,MLI,2013,0.3914392411719391
Cambodia,KHM,2013,0.5125620554962255
Ghana,GHA,2013,-0.04200909497422635
Poland,POL,2013,-0.34334328764410155
Japan,JPN,2013,-0.18712546215379955
"Jersey, Channel Islands",JEY,2013,-0.7101638518775316
Vanuatu,VUT,2013,-0.1342224779442131
Ireland,IRL,2013,-0.1254358307740286
Ethiopia,ETH,2013,0.42010179845719736
Kyrgyz Republic,KGZ,2013,0.3814024016283467
Iraq,IRQ,2013,0.6254055041763149
Estonia,EST,2013,-0.377106408118336
Kuwait,KWT,2013,0.5980146999104441
Côte d’Ivoire,CIV,2013,0.3415842214495301
Turkmenistan,TKM,2013,0.6838296005909821
Costa Rica,CRI,2013,-0.255986891869033
Lesotho,LSO,2013,-0.21013445808111333
Solomon Islands,SLB,2013,0.2557120061383961
Cuba,CUB,2013,0.3612282383292333
Bolivia,BOL,2013,0.34175717354759516
Myanmar,MMR,2013,0.6619361304358944
Thailand,THA,2013,0.3783751375983909
"Egypt, Arab Rep.",EGY,2013,0.30072366273704704
Kenya,KEN,2013,0.2951337141359895
Russian Federation,RUS,2013,0.4686848777195279
Barbados,BRB,2013,-0.4129594224586371
Ecuador,ECU,2013,0.35972401114114366
Kazakhstan,KAZ,2013,0.3656891962489793
Niger,NER,2013,0.30868401531442763
Nicaragua,NIC,2013,0.33706606852958115
Switzerland,CHE,2013,0.1584862425761861
Papua New Guinea,PNG,2013,0.36218233514145554
Antigua and Barbuda,ATG,2013,-0.13522519438325506
Guinea-Bissau,GNB,2013,0.5876090706683487
Sweden,SWE,2013,-0.21259056456446165
Germany,DEU,2013,-0.2020411468364
Maldives,MDV,2013,0.2676157955962716
Seychelles,SYC,2013,0.034096756493343316
Latvia,LVA,2013,-0.28243783363387415
"Iran, Islamic Rep.",IRN,2013,0.4729984329129014
Federal Republic of Somalia,SOM,2013,1.0059463077292932
Mozambique,MOZ,2013,0.28568109025113275
St. Vincent and the Grenadines,VCT,2013,-0.5854059629162943
Norway,NOR,2013,0.27582571886810064
Tanzania,TZA,2013,0.21835818144367508
Indonesia,IDN,2013,0.13193445894080064
Australia,AUS,2013,-0.07095339039188378
Croatia,HRV,2013,-0.23017500987953038
Finland,FIN,2013,-0.3949809775196014
Fiji,FJI,2013,0.1646920199521712
Lebanon,LBN,2013,0.3946289549626706
Tuvalu,TUV,2013,-0.14323943242649811
Bhutan,BTN,2013,-0.13988812936670733
Bermuda,BMU,2013,0.6941398007064389
Rwanda,RWA,2013,-0.1166896937924489
Puerto Rico (U.S.),PRI,2013,-0.36849064659605185
Virgin Islands (U.S.),VIR,2013,-0.1154987991982996
Bulgaria,BGR,2013,-0.006412178517235823
Malaysia,MYS,2013,0.04280548485408057
Saudi Arabia,SAU,2013,0.5060680809003817
"Micronesia, Fed. Sts.",FSM,2013,-0.16698784172835807
Malawi,MWI,2013,0.13905505496659848
Brunei Darussalam,BRN,2013,0.10966773366574514
Georgia,GEO,2013,-0.3993644298981903
Central African Republic,CAF,2013,0.6352033227861181
Uganda,UGA,2013,0.3206885228745052
"Gambia, The",GMB,2013,0.24629414717387926
Haiti,HTI,2013,0.4002481049347319
"Venezuela, RB",VEN,2013,0.7191916033249882
South Sudan,SSD,2013,0.5979528332244619
Tunisia,TUN,2013,-0.04528825026547877
Nauru,NRU,2013,-0.20079419524901027
South Africa,ZAF,2013,-0.44638637915273044
Uzbekistan,UZB,2013,0.5428374416440459
Belize,BLZ,2013,0.10017978820374182
Kosovo,XKX,2013,0.16013299902840875
Denmark,DNK,2013,-0.17515149176651848
Djibouti,DJI,2013,0.08024190397810049
France,FRA,2013,-0.14860521753308095
Iceland,ISL,2013,-0.07582765542237527
Armenia,ARM,2013,-0.07777211166107519
Libya,LBY,2013,0.6134944265367378
Austria,AUT,2013,-0.1424178937552795
Oman,OMN,2013,0.2774353084053752
"Taiwan, China",TWN,2013,-0.5752219430641116
Liberia,LBR,2013,0.3452419383212713
Romania,ROU,2013,-0.0018373634888777727
Kiribati,KIR,2013,-0.1735594010569491
Dominica,DMA,2013,-0.304630321274129
Netherlands,NLD,2013,-0.22193053565056606
Belgium,BEL,2013,-0.11235958464912615
Trinidad and Tobago,TTO,2013,0.20821567871165725
Eritrea,ERI,2013,0.6950373690925744
Italy,ITA,2013,0.05429137222297052
Nigeria,NGA,2013,0.49643201211602084
West Bank and Gaza,PSE,2013,0.07124545058274945
Panama,PAN,2013,0.13406472590158788
Guyana,GUY,2013,0.10634209944408814
Chile,CHL,2013,-0.3871709308840436
Botswana,BWA,2013,-0.5532534545384495
Madagascar,MDG,2013,0.43802826147364016
Chad,TCD,2013,0.6240155108559032
United Kingdom,GBR,2013,-0.17177911027472012
"Macao SAR, China",MAC,2013,0.6601061517507479
Cook Islands,COK,2013,0.053284734925623904
Samoa,WSM,2013,-0.2836530906448585
United States,USA,2013,-0.02057062057087777
St. Lucia,LCA,2013,-0.5917496397444434
Israel,ISR,2013,0.12270297178234722
Timor-Leste,TLS,2013,0.326207474908197
Qatar,QAT,2013,0.8692576936117068
Jamaica,JAM,2013,-0.07448987982735053
Bangladesh,BGD,2013,0.453854774856395
Bahrain,BHR,2013,0.5481936783133485
"Korea, Dem. People's Rep.",PRK,2013,0.8279822129394567
Belarus,BLR,2013,0.3915943569353463
Réunion,REU,2013,-0.48080266808282013
Tonga,TON,2013,0.052955057179612255
"Korea, Rep.",KOR,2013,-0.00607735560289691
Pakistan,PAK,2013,0.5710092494642756
Aruba,ABW,2013,-0.25225609882783684
Tajikistan,TJK,2013,0.43902252475416437
Hungary,HUN,2013,-0.12193550171486865
French Guiana,GUF,2013,-0.5517784982605101
Gabon,GAB,2013,0.10145042646827292
Palau,PLW,2013,-0.13472654247220506
Honduras,HND,2013,0.3657961214565144
Suriname,SUR,2013,0.09510483273271082
"Hong Kong SAR, China",HKG,2013,-0.024004584245168988
Morocco,MAR,2013,0.1234312558026786
Singapore,SGP,2013,0.06639993847458772
Brazil,BRA,2013,0.08383580938475682
Colombia,COL,2013,0.16619894011336142
Dominican Republic,DOM,2013,0.1401581009004762
Spain,ESP,2013,-0.3992920951013102
Nepal,NPL,2013,0.22130116315122142
"Congo, Rep.",COG,2013,0.23221179748510135
"Congo, Dem. Rep.",COD,2013,0.7055826223442815
Bosnia and Herzegovina,BIH,2013,-0.23867400127729127
Luxembourg,LUX,2013,0.6330042619159237
Liechtenstein,LIE,2013,1.119354485140511
Slovak Republic,SVK,2013,-0.18971240983013304
India,IND,2013,0.06311391084603259
Sierra Leone,SLE,2013,0.25677475040212433
Lithuania,LTU,2013,-0.30278259962022464
Moldova,MDA,2013,0.23745708085155792
China,CHN,2013,0.32799126744619733
Comoros,COM,2013,0.3961146219367886
Türkiye,TUR,2013,0.015259921488567472
Montenegro,MNE,2013,-0.21262291905501085
Mongolia,MNG,2013,0.09874279330862964
Uruguay,URY,2013,-0.28198748314388006
Argentina,ARG,2013,0.22209153272718885
Guinea,GIN,2013,0.4971545182174566
Senegal,SEN,2013,0.024752921263939184
Marshall Islands,MHL,2013,-0.10040552219298066
São Tomé and Príncipe,STP,2013,0.09901363614767875
Martinique,MTQ,2013,-0.41895260087344455
Serbia,SRB,2013,-0.18073449893821525
Mauritania,MRT,2013,0.3516351699754479
Syrian Arab Republic,SYR,2013,0.6037885292650377
New Zealand,NZL,2013,-0.4106695340459534
Portugal,PRT,2013,-0.34316631778713
Anguilla,AIA,2013,-0.5899734004829912
Grenada,GRD,2013,-0.13735957354792153
Burundi,BDI,2013,0.5393217327304078
Jordan,JOR,2013,-0.0067532372241654185
Equatorial Guinea,GNQ,2013,0.7267543602018859
Sri Lanka,LKA,2013,0.2231163511426298
St. Kitts and Nevis,KNA,2013,-0.15673148422242533
El Salvador,SLV,2013,0.14252661905293387
Netherlands Antilles (former),ANT,2013,-0.4490780345256739
Togo,TGO,2013,0.4119728849376214
Algeria,DZA,2013,0.3489876030472339
Angola,AGO,2013,0.3291755433421665
Peru,PER,2013,0.19932229291066794
Zambia,ZMB,2013,0.07440470455875044
Guatemala,GTM,2013,0.38153161252238255
American Samoa,ASM,2013,-0.295289209791232
Zimbabwe,ZWE,2013,0.6193765122933529
Albania,ALB,2013,-0.10066130464469698
Philippines,PHL,2014,0.15388485178028136
American Samoa,ASM,2014,-0.3484454944340897
Zimbabwe,ZWE,2014,0.562373949805633
Albania,ALB,2014,-0.13720828584466999
"Egypt, Arab Rep.",EGY,2014,0.2994648638338598
Algeria,DZA,2014,0.32009191790126734
Angola,AGO,2014,0.30462812393684163
Guatemala,GTM,2014,0.38608613878707954
St. Kitts and Nevis,KNA,2014,-0.11173961302685011
El Salvador,SLV,2014,0.16557540138963867
Togo,TGO,2014,0.3660157259372337
Russian Federation,RUS,2014,0.41466911289549735
Netherlands Antilles (former),ANT,2014,-0.44975738300648865
Jordan,JOR,2014,-0.041496535724019866
Equatorial Guinea,GNQ,2014,0.6826199840179726
Sri Lanka,LKA,2014,0.14353247656983406
"Jersey, Channel Islands",JEY,2014,-0.703033336642438
Portugal,PRT,2014,-0.364612263010291
Anguilla,AIA,2014,-0.5144809011763634
Burundi,BDI,2014,0.5948305436508631
Zambia,ZMB,2014,0.08549754550475243
Grenada,GRD,2014,-0.13949006464613248
Peru,PER,2014,0.18167012853185852
Guam,GUM,2014,-0.06495438340713784
Syrian Arab Republic,SYR,2014,0.627759879110965
New Zealand,NZL,2014,-0.4536460291262642
São Tomé and Príncipe,STP,2014,0.08438768312812467
Martinique,MTQ,2014,-0.4205769087098032
Serbia,SRB,2014,-0.16791523711771955
Marshall Islands,MHL,2014,-0.17169411430563877
Greenland,GRL,2014,-0.15804316870685206
Argentina,ARG,2014,0.20119797849395762
Guinea,GIN,2014,0.430611468802833
Mauritania,MRT,2014,0.3156831403797863
Senegal,SEN,2014,-0.02514943480353488
Lithuania,LTU,2014,-0.3184658174562315
French Guiana,GUF,2014,-0.5665469702931611
Montenegro,MNE,2014,-0.21530088891137264
Réunion,REU,2014,-0.4948962848451304
Comoros,COM,2014,0.3740465494173443
Moldova,MDA,2014,0.2647003432900237
Uruguay,URY,2014,-0.32733146496536847
Türkiye,TUR,2014,0.07658952400233941
Slovak Republic,SVK,2014,-0.16851433190179524
Armenia,ARM,2014,-0.09446853470426182
West Bank and Gaza,PSE,2014,0.044146563610614455
India,IND,2014,0.02555387019774162
Sierra Leone,SLE,2014,0.2541902796732644
"Congo, Dem. Rep.",COD,2014,0.696765597988411
Liechtenstein,LIE,2014,1.093524071357536
Bosnia and Herzegovina,BIH,2014,-0.2181609121965316
Singapore,SGP,2014,0.05027149079763746
Colombia,COL,2014,0.12126230607715278
Spain,ESP,2014,-0.3826804561682269
Kiribati,KIR,2014,-0.16250981154722471
Mongolia,MNG,2014,0.055282588853816914
Morocco,MAR,2014,0.10660330826529031
Luxembourg,LUX,2014,0.5036573871929589
China,CHN,2014,0.2934922514510924
Brazil,BRA,2014,0.08355082445076431
Palau,PLW,2014,-0.16830986038770018
Suriname,SUR,2014,0.09483171191696545
Hungary,HUN,2014,-0.06580310953517805
"Hong Kong SAR, China",HKG,2014,-0.022373434368341303
Aruba,ABW,2014,-0.25709433890252353
Tajikistan,TJK,2014,0.42550229843552895
Honduras,HND,2014,0.35370677077919577
Gabon,GAB,2014,0.09150185247733086
"Korea, Dem. People's Rep.",PRK,2014,0.8284047816390235
Tonga,TON,2014,0.04544313788354614
"Korea, Rep.",KOR,2014,-8.624041604863458e-05
Pakistan,PAK,2014,0.5334548330826452
Bangladesh,BGD,2014,0.4529577303871611
Belgium,BEL,2014,-0.15805175936988722
Belarus,BLR,2014,0.34878547717377184
Bahrain,BHR,2014,0.49947518840996724
Israel,ISR,2014,0.09479566899986508
Qatar,QAT,2014,0.6985439100517624
Jamaica,JAM,2014,-0.08854421475858938
Costa Rica,CRI,2014,-0.25729797241552765
Samoa,WSM,2014,-0.33576541954401407
United States,USA,2014,0.009005412039398808
St. Lucia,LCA,2014,-0.49475451400580955
Botswana,BWA,2014,-0.5402548267900339
Madagascar,MDG,2014,0.39457091236874625
Chad,TCD,2014,0.6084302718173447
United Kingdom,GBR,2014,-0.19602988039387914
Panama,PAN,2014,0.10991447724758191
Chile,CHL,2014,-0.37857559849102185
Netherlands,NLD,2014,-0.2598391404604605
Eritrea,ERI,2014,0.709677090879698
Italy,ITA,2014,0.02856605306847081
Nepal,NPL,2014,0.20908789965774588
Trinidad and Tobago,TTO,2014,0.22687788066377038
Romania,ROU,2014,-0.0217681484153861
Dominica,DMA,2014,-0.24011226351422957
Nigeria,NGA,2014,0.44089733245427815
Austria,AUT,2014,-0.17578245473743787
"Taiwan, China",TWN,2014,-0.5892625065068638
Libya,LBY,2014,0.6386077540559466
Liberia,LBR,2014,0.3390504455202011
"Congo, Rep.",COG,2014,0.20463102787617024
France,FRA,2014,-0.17809119375362997
Iceland,ISL,2014,-0.054736532409570306
South Africa,ZAF,2014,-0.4421495306136052
Timor-Leste,TLS,2014,0.3020327211715494
Kosovo,XKX,2014,0.13425095695846243
South Sudan,SSD,2014,0.6151757393710451
Belize,BLZ,2014,0.14078539974673507
Nauru,NRU,2014,-0.20717673060764086
Tunisia,TUN,2014,-0.046219774555845534
Djibouti,DJI,2014,0.08934524484209115
"Gambia, The",GMB,2014,0.27183685321024464
Haiti,HTI,2014,0.40904797283459177
Guyana,GUY,2014,0.09011332047251949
Germany,DEU,2014,-0.23973475322082616
Barbados,BRB,2014,-0.37338407052373435
Brunei Darussalam,BRN,2014,0.00665432643863842
Georgia,GEO,2014,-0.40448863560994275
Central African Republic,CAF,2014,0.6370987111895147
Uganda,UGA,2014,0.3082550614905173
Malaysia,MYS,2014,0.04121258631234093
Saudi Arabia,SAU,2014,0.46200930798383494
"Micronesia, Fed. Sts.",FSM,2014,-0.1949226187136427
Burkina Faso,BFA,2014,0.18094187875850284
Malawi,MWI,2014,0.14419663204247288
"Macao SAR, China",MAC,2014,0.48428429510562665
Puerto Rico (U.S.),PRI,2014,-0.33384370912305644
Virgin Islands (U.S.),VIR,2014,-0.14925495259831448
Bulgaria,BGR,2014,0.0130524929326024
Lebanon,LBN,2014,0.3817562133830525
Tuvalu,TUV,2014,-0.13647642215842898
Bermuda,BMU,2014,0.7040068948640058
Bhutan,BTN,2014,-0.16598819756531633
Croatia,HRV,2014,-0.2234994542384966
Finland,FIN,2014,-0.44827750443814673
Fiji,FJI,2014,0.05975185634320672
St. Vincent and the Grenadines,VCT,2014,-0.4977029539961123
Oman,OMN,2014,0.24697918582869036
Norway,NOR,2014,0.058256755344989794
Indonesia,IDN,2014,0.1347360021223409
"Iran, Islamic Rep.",IRN,2014,0.38046513878535476
Tanzania,TZA,2014,0.22027945882036307
Federal Republic of Somalia,SOM,2014,0.9692514953358731
Australia,AUS,2014,-0.13442549509324603
Cayman Islands,CYM,2014,0.4138752836348305
Maldives,MDV,2014,0.3046501609986468
Sweden,SWE,2014,-0.25486749110280643
Nicaragua,NIC,2014,0.3613459579924017
Guinea-Bissau,GNB,2014,0.5530183309581022
Switzerland,CHE,2014,0.1348682343469028
Papua New Guinea,PNG,2014,0.3560555321003926
Antigua and Barbuda,ATG,2014,-0.07823116492153559
Dominican Republic,DOM,2014,0.14911194017002097
Kazakhstan,KAZ,2014,0.31876452033070146
Ecuador,ECU,2014,0.36432206039374937
Niger,NER,2014,0.29581886277954067
"Venezuela, RB",VEN,2014,0.7171804647916898
Thailand,THA,2014,0.39335323424498464
Kenya,KEN,2014,0.29150760765878353
Solomon Islands,SLB,2014,0.23718108280456618
Cuba,CUB,2014,0.3396117115940058
Mozambique,MOZ,2014,0.3101912600731371
Bolivia,BOL,2014,0.336229779536921
Myanmar,MMR,2014,0.6260557319511733
Turkmenistan,TKM,2014,0.6550767813860862
Lesotho,LSO,2014,-0.18339126061933167
Latvia,LVA,2014,-0.28786006357068306
Iraq,IRQ,2014,0.6099787408455564
Kyrgyz Republic,KGZ,2014,0.37749331086356736
Kuwait,KWT,2014,0.5101254132831857
Denmark,DNK,2014,-0.2198607372860649
Azerbaijan,AZE,2014,0.3936256511274147
Estonia,EST,2014,-0.37737442085402134
Eswatini,SWZ,2014,-0.13257172852824659
Ireland,IRL,2014,-0.01833125599955391
Ethiopia,ETH,2014,0.41255912453716526
Côte d’Ivoire,CIV,2014,0.26818409040671454
Ghana,GHA,2014,-0.0654085984472927
Poland,POL,2014,-0.3198830514993069
Japan,JPN,2014,-0.21777555031503998
Vanuatu,VUT,2014,-0.04634278329930263
Mauritius,MUS,2014,-0.3267637160604966
United Arab Emirates,ARE,2014,0.3377496396685695
Mali,MLI,2014,0.38744826793813847
Cambodia,KHM,2014,0.5213086917890212
Ukraine,UKR,2014,0.34660448926843607
Cabo Verde,CPV,2014,-0.3484205295906665
Cameroon,CMR,2014,0.43024908687837427
Malta,MLT,2014,-0.1097344832885126
Seychelles,SYC,2014,-0.02454724698562955
Mexico,MEX,2014,0.2941818186814453
Canada,CAN,2014,-0.2983957466990295
Cyprus,CYP,2014,-0.29152991606677686
Czechia,CZE,2014,-0.19033656390029813
Slovenia,SVN,2014,-0.1722816016731001
North Macedonia,MKD,2014,-0.2900462512820585
Benin,BEN,2014,0.1312862781494047
Uzbekistan,UZB,2014,0.5078661533857649
Lao PDR,LAO,2014,0.36540557436105103
Sudan,SDN,2014,0.5477230678271202
"Bahamas, The",BHS,2014,-0.15423872759067261
Rwanda,RWA,2014,-0.1540082802383945
Namibia,NAM,2014,-0.5028684416732974
Viet Nam,VNM,2014,0.2963260490052564
Paraguay,PRY,2014,0.2926676032323709
Afghanistan,AFG,2014,0.639134008924594
"Yemen, Rep.",YEM,2014,0.5269046431108396
Greece,GRC,2014,-0.24931368255462555
American Samoa,ASM,2015,-0.35171967460241144
Angola,AGO,2015,0.2669271644941475
Albania,ALB,2015,-0.1199690965446237
Zimbabwe,ZWE,2015,0.5293344344345335
Peru,PER,2015,0.1537195984200595
Guatemala,GTM,2015,0.3837117580490693
United Arab Emirates,ARE,2015,0.3072587227928664
Cambodia,KHM,2015,0.5195964326974298
Mali,MLI,2015,0.3851865428062974
Malta,MLT,2015,-0.0932980440356705
Cameroon,CMR,2015,0.43985015426882434
Mauritius,MUS,2015,-0.3275504638949625
Mexico,MEX,2015,0.3192618103379457
Burkina Faso,BFA,2015,0.15766078303938924
Canada,CAN,2015,-0.34469143581716183
"Gambia, The",GMB,2015,0.28691923033456107
Guyana,GUY,2015,0.06420808105614641
Haiti,HTI,2015,0.4083062428311494
Georgia,GEO,2015,-0.3898386585895637
Sweden,SWE,2015,-0.26217258383027975
Germany,DEU,2015,-0.23998517144224277
Guinea-Bissau,GNB,2015,0.5596874364300589
São Tomé and Príncipe,STP,2015,0.08525637731838606
Ghana,GHA,2015,-0.05292618895718143
Antigua and Barbuda,ATG,2015,-0.08233975339445986
Poland,POL,2015,-0.266506868911572
Papua New Guinea,PNG,2015,0.36835985669222093
Suriname,SUR,2015,0.07002013241688607
Hungary,HUN,2015,-0.032544700351170436
Honduras,HND,2015,0.36841646464283473
"Hong Kong SAR, China",HKG,2015,-0.013494548403440335
Gabon,GAB,2015,0.08439178776064539
Puerto Rico (U.S.),PRI,2015,-0.3340700687542514
Virgin Islands (U.S.),VIR,2015,-0.1339416680436268
Palau,PLW,2015,-0.17968866654102872
Panama,PAN,2015,0.09808089704056291
France,FRA,2015,-0.18332477915297457
St. Vincent and the Grenadines,VCT,2015,-0.5053888869796204
"Taiwan, China",TWN,2015,-0.611923865127376
Iceland,ISL,2015,-0.013852577629786061
India,IND,2015,-0.0012789188709846529
Armenia,ARM,2015,-0.09055786197482418
West Bank and Gaza,PSE,2015,0.014545861051758901
Pakistan,PAK,2015,0.5066546015658671
Aruba,ABW,2015,-0.265464931002606
Tajikistan,TJK,2015,0.43547941832726245
French Guiana,GUF,2015,-0.5675729449574504
Seychelles,SYC,2015,-0.05791875267620243
Maldives,MDV,2015,0.3580373321277761
Cayman Islands,CYM,2015,0.4609570667352355
Uganda,UGA,2015,0.31390493563558164
Central African Republic,CAF,2015,0.612994671326097
Malawi,MWI,2015,0.16648651975729004
Malaysia,MYS,2015,0.06029450479942772
Saudi Arabia,SAU,2015,0.42547913691117145
"Micronesia, Fed. Sts.",FSM,2015,-0.19792990620150563
Bulgaria,BGR,2015,0.03956480035902388
United Kingdom,GBR,2015,-0.21136372036311513
"Iran, Islamic Rep.",IRN,2015,0.3308297032384833
Sudan,SDN,2015,0.5651305364692559
Federal Republic of Somalia,SOM,2015,0.9595704075030331
Tanzania,TZA,2015,0.21994412737273616
Fiji,FJI,2015,0.041224329020959315
Finland,FIN,2015,-0.4475314600805505
Indonesia,IDN,2015,0.11089713630299926
Australia,AUS,2015,-0.1776877950527019
Norway,NOR,2015,-0.005172062166937878
Oman,OMN,2015,0.19292448132541104
Austria,AUT,2015,-0.1857206026783017
Timor-Leste,TLS,2015,0.2835486279428822
Estonia,EST,2015,-0.3689023922884566
Iraq,IRQ,2015,0.5947944763422878
Ireland,IRL,2015,0.07576486078486223
Eswatini,SWZ,2015,-0.11475976264399947
Ethiopia,ETH,2015,0.4231580571110421
Azerbaijan,AZE,2015,0.3530751856831873
Qatar,QAT,2015,0.599363976177893
North Macedonia,MKD,2015,-0.19363017445647523
"Bahamas, The",BHS,2015,-0.093884397798382
Viet Nam,VNM,2015,0.2802276342949418
Chad,TCD,2015,0.6239782149481737
Chile,CHL,2015,-0.362706718529
"Macao SAR, China",MAC,2015,0.43196852416667325
Madagascar,MDG,2015,0.3726549447117548
Botswana,BWA,2015,-0.5229654740141833
Moldova,MDA,2015,0.2824172095332095
Brazil,BRA,2015,0.05390481906993743
Monaco,MCO,2015,1.26413020877
Brunei Darussalam,BRN,2015,-0.058707968110896
China,CHN,2015,0.2747730293492466
"Venezuela, RB",VEN,2015,0.7037555764454742
Eritrea,ERI,2015,0.7098597076218072
Thailand,THA,2015,0.3869964537692904
St. Lucia,LCA,2015,-0.4852204814918626
Italy,ITA,2015,-0.0034521504770772945
Nigeria,NGA,2015,0.41092626987851677
Bahrain,BHR,2015,0.507513452808384
Bangladesh,BGD,2015,0.45555784334509014
Israel,ISR,2015,0.061026384442387
Jamaica,JAM,2015,-0.10722684979762881
St. Kitts and Nevis,KNA,2015,-0.13193446727146954
"Egypt, Arab Rep.",EGY,2015,0.29539569121908776
Sri Lanka,LKA,2015,0.13074926603061177
Jordan,JOR,2015,-0.07335427871954642
Togo,TGO,2015,0.339922467812284
El Salvador,SLV,2015,0.19059970594065298
Equatorial Guinea,GNQ,2015,0.6315189201131736
Japan,JPN,2015,-0.18901401864671855
"Jersey, Channel Islands",JEY,2015,-0.6941383667227486
Vanuatu,VUT,2015,-0.011183325227506558
Nicaragua,NIC,2015,0.3847549879005561
Niger,NER,2015,0.2951488702038204
Colombia,COL,2015,0.09766708991582353
Singapore,SGP,2015,0.036373510798316924
Luxembourg,LUX,2015,0.5136287167029738
Morocco,MAR,2015,0.10220568752422603
Mongolia,MNG,2015,0.02852986563990383
Réunion,REU,2015,-0.49615572650548356
Montenegro,MNE,2015,-0.19952961530332083
Uruguay,URY,2015,-0.3469537563114395
Türkiye,TUR,2015,0.16950362645522504
South Sudan,SSD,2015,0.574124622036024
Kiribati,KIR,2015,-0.1530902770538989
Dominican Republic,DOM,2015,0.14434918403324015
Ecuador,ECU,2015,0.3454334370440234
Kazakhstan,KAZ,2015,0.2706836908340705
Kenya,KEN,2015,0.28930982267990235
Netherlands Antilles (former),ANT,2015,-0.4474928479427886
Russian Federation,RUS,2015,0.41054364499755963
New Zealand,NZL,2015,-0.4460002305623912
Nepal,NPL,2015,0.20637280680843073
Spain,ESP,2015,-0.3722245166399236
Tonga,TON,2015,0.05845410000807759
"Korea, Dem. People's Rep.",PRK,2015,0.809910190464296
"Korea, Rep.",KOR,2015,0.009021633135959838
Barbados,BRB,2015,-0.3170587570146597
Belarus,BLR,2015,0.3254394788129084
Netherlands,NLD,2015,-0.27354345503739697
Belgium,BEL,2015,-0.1569068034689814
Romania,ROU,2015,-0.024850431933002303
Trinidad and Tobago,TTO,2015,0.19108172067676935
Dominica,DMA,2015,-0.21318815433130542
Comoros,COM,2015,0.3942720249974299
Sierra Leone,SLE,2015,0.2674901823299731
Lithuania,LTU,2015,-0.2982594459260301
Slovak Republic,SVK,2015,-0.15884112982039938
Liechtenstein,LIE,2015,1.0950915311398814
"Congo, Dem. Rep.",COD,2015,0.7032384337391087
Bosnia and Herzegovina,BIH,2015,-0.17960909999006838
United States,USA,2015,0.04142793241398232
Samoa,WSM,2015,-0.356723360271688
San Marino,SMR,2015,0.0017351346223399699
"Congo, Rep.",COG,2015,0.20767905787328472
Namibia,NAM,2015,-0.5327319391177298
Bermuda,BMU,2015,0.7179364477232419
Tunisia,TUN,2015,-0.054907172154633616
Kuwait,KWT,2015,0.4813586006214941
Côte d’Ivoire,CIV,2015,0.2662826852443325
Kyrgyz Republic,KGZ,2015,0.35902069581673435
Denmark,DNK,2015,-0.22732996993802734
Kosovo,XKX,2015,0.13134782183229687
South Africa,ZAF,2015,-0.45827026278939875
Djibouti,DJI,2015,0.07750768732589952
Belize,BLZ,2015,0.14343376713622472
Nauru,NRU,2015,-0.19564651266735592
Solomon Islands,SLB,2015,0.24093244626864257
Latvia,LVA,2015,-0.26938345597781266
Cuba,CUB,2015,0.3664490710327614
Cyprus,CYP,2015,-0.2675374725741948
Lao PDR,LAO,2015,0.3538404968980956
Slovenia,SVN,2015,-0.17778578742424436
Czechia,CZE,2015,-0.18350100199858013
Benin,BEN,2015,0.11612913549889121
Uzbekistan,UZB,2015,0.4970513127589287
Rwanda,RWA,2015,-0.1656365627913197
Libya,LBY,2015,0.6497933794086687
Liberia,LBR,2015,0.331319702021341
Costa Rica,CRI,2015,-0.2488178985042485
Turkmenistan,TKM,2015,0.6668813344822726
Lebanon,LBN,2015,0.38131449008302243
Lesotho,LSO,2015,-0.15514982831051097
Tuvalu,TUV,2015,-0.12949974123863994
Bhutan,BTN,2015,-0.1854271468586305
Mozambique,MOZ,2015,0.3558715011647314
Bolivia,BOL,2015,0.33009171642803126
Myanmar,MMR,2015,0.5758511883824706
Croatia,HRV,2015,-0.17456175793291392
Guam,GUM,2015,-0.006683369379755459
Philippines,PHL,2015,0.197839172751176
Algeria,DZA,2015,0.31905352998932013
"Yemen, Rep.",YEM,2015,0.5550807038911832
Afghanistan,AFG,2015,0.6277678182455196
Zambia,ZMB,2015,0.12558155272524454
Burundi,BDI,2015,0.6697109392016921
Cabo Verde,CPV,2015,-0.3553973741041163
Serbia,SRB,2015,-0.12813846470981824
Ukraine,UKR,2015,0.32312874857244317
Mauritania,MRT,2015,0.30465004149425073
Martinique,MTQ,2015,-0.4689142361182682
Marshall Islands,MHL,2015,-0.19352572399635604
Senegal,SEN,2015,-0.005681275710540872
Argentina,ARG,2015,0.09249534135655449
Guinea,GIN,2015,0.3809657409920901
Greece,GRC,2015,-0.22873017286870118
Greenland,GRL,2015,-0.1498251075429266
Portugal,PRT,2015,-0.3550435385630497
Paraguay,PRY,2015,0.25370379520393643
Anguilla,AIA,2015,-0.5242451719929991
Grenada,GRD,2015,-0.15497243308174224
Syrian Arab Republic,SYR,2015,0.6720141579361709
Switzerland,CHE,2015,0.11636851327973494
Grenada,GRD,2016,-0.13919665088492833
Angola,AGO,2016,0.27458914466710027
Syrian Arab Republic,SYR,2016,0.6871069959334957
American Samoa,ASM,2016,-0.37276025842925
Switzerland,CHE,2016,0.12211020313684415
Portugal,PRT,2016,-0.3358557833866469
Zimbabwe,ZWE,2016,0.5405082825971829
Paraguay,PRY,2016,0.23830058134726576
Peru,PER,2016,0.14593557158440318
Albania,ALB,2016,-0.09597708268371917
Anguilla,AIA,2016,-0.47946684880524154
Guam,GUM,2016,-0.0037679319519023473
Greece,GRC,2016,-0.20916585558506864
Cambodia,KHM,2016,0.5245813663368872
Greenland,GRL,2016,-0.12653935989849863
Senegal,SEN,2016,0.022311365007141433
Myanmar,MMR,2016,0.5454423040361818
Lebanon,LBN,2016,0.3759824473724313
Lesotho,LSO,2016,-0.1456160860668109
Liberia,LBR,2016,0.31822451761996506
Costa Rica,CRI,2016,-0.23064579141892064
Turkmenistan,TKM,2016,0.6689932674614419
Uzbekistan,UZB,2016,0.4703980012569881
Namibia,NAM,2016,-0.5004254378215355
Rwanda,RWA,2016,-0.1780245547172448
Czechia,CZE,2016,-0.15426535958274695
Trinidad and Tobago,TTO,2016,0.1635143888320524
Benin,BEN,2016,0.10425939943560932
Cyprus,CYP,2016,-0.21630371009973937
Slovenia,SVN,2016,-0.14552129394224958
Lao PDR,LAO,2016,0.34502389132208694
Solomon Islands,SLB,2016,0.2510711444532463
Palau,PLW,2016,-0.18812495144640942
Panama,PAN,2016,0.11072795160011176
West Bank and Gaza,PSE,2016,-0.03198115778539392
Puerto Rico (U.S.),PRI,2016,-0.28905580082732274
Virgin Islands (U.S.),VIR,2016,-0.07748531170278679
Honduras,HND,2016,0.37925122060179267
Gabon,GAB,2016,0.11878618738247514
"Hong Kong SAR, China",HKG,2016,0.013841887044731535
"Gambia, The",GMB,2016,0.23258739621089683
Suriname,SUR,2016,0.09455899975697382
Hungary,HUN,2016,0.004144101539626841
Antigua and Barbuda,ATG,2016,0.0022380538169715783
Poland,POL,2016,-0.18262141774477542
Guinea-Bissau,GNB,2016,0.5714659885267973
São Tomé and Príncipe,STP,2016,0.07997319330910639
Mexico,MEX,2016,0.3444244323059408
Cayman Islands,CYM,2016,0.5178851687564723
Uganda,UGA,2016,0.309988109170075
Central African Republic,CAF,2016,0.5665872412496669
Seychelles,SYC,2016,-0.023447544418563594
Maldives,MDV,2016,0.3874482836618784
"Taiwan, China",TWN,2016,-0.6110517743823561
French Guiana,GUF,2016,-0.5650453766199597
Tajikistan,TJK,2016,0.4318887799989305
Pakistan,PAK,2016,0.4942178802170444
Aruba,ABW,2016,-0.25505599669872225
Iceland,ISL,2016,0.09381380644276156
India,IND,2016,-0.01250255629963919
Armenia,ARM,2016,-0.09802343597987748
Austria,AUT,2016,-0.16351903566062723
France,FRA,2016,-0.15598968480874428
Cuba,CUB,2016,0.39361204086837637
Belize,BLZ,2016,0.15165157967447235
Nauru,NRU,2016,-0.19319236843239998
Côte d’Ivoire,CIV,2016,0.26473859601897476
Kosovo,XKX,2016,0.13829311889498425
Denmark,DNK,2016,-0.1863919296959726
Kuwait,KWT,2016,0.47586020114066646
Kyrgyz Republic,KGZ,2016,0.31410640168457277
Bermuda,BMU,2016,0.7384814291237313
Tunisia,TUN,2016,-0.07139862015803718
South Africa,ZAF,2016,-0.4401431500204326
San Marino,SMR,2016,0.02064840454001758
"Congo, Rep.",COG,2016,0.22572404283129324
Bosnia and Herzegovina,BIH,2016,-0.0766161661125361
United States,USA,2016,0.08461280965860561
Estonia,EST,2016,-0.3500733420640893
Norway,NOR,2016,0.021836147571962766
Oman,OMN,2016,0.20106624040370072
Indonesia,IDN,2016,0.10573758111643988
St. Vincent and the Grenadines,VCT,2016,-0.4923245188464446
Australia,AUS,2016,-0.16739700130071627
Tanzania,TZA,2016,0.23350734521768093
Fiji,FJI,2016,0.04200326915078155
Finland,FIN,2016,-0.41664492203949577
Sudan,SDN,2016,0.5611059436832873
Federal Republic of Somalia,SOM,2016,0.9501791973284863
"Iran, Islamic Rep.",IRN,2016,0.3352017767097775
"Micronesia, Fed. Sts.",FSM,2016,-0.2046970187360345
Bulgaria,BGR,2016,0.05581956995705331
Malawi,MWI,2016,0.16804544708462213
Malaysia,MYS,2016,0.05975198620212385
Samoa,WSM,2016,-0.3743425373239981
Libya,LBY,2016,0.6676879730889377
Liechtenstein,LIE,2016,1.1261054006517084
"Congo, Dem. Rep.",COD,2016,0.7203351738981577
Lithuania,LTU,2016,-0.2575141512187021
Slovak Republic,SVK,2016,-0.08894563186009675
Belgium,BEL,2016,-0.09675958645435478
Romania,ROU,2016,0.03514194110769994
Belarus,BLR,2016,0.31869126608169634
Netherlands,NLD,2016,-0.21068474398191683
Spain,ESP,2016,-0.3048185568757945
"Korea, Dem. People's Rep.",PRK,2016,0.7965531539053917
"Korea, Rep.",KOR,2016,0.018262946419253325
Nepal,NPL,2016,0.17076552332598505
Tonga,TON,2016,0.022848525908996862
Djibouti,DJI,2016,0.09620212727212901
Netherlands Antilles (former),ANT,2016,-0.42530725853132684
Brazil,BRA,2016,0.04997876701701071
Madagascar,MDG,2016,0.38178790481384034
Botswana,BWA,2016,-0.5147714842559462
Chad,TCD,2016,0.6083516692652573
Chile,CHL,2016,-0.3542131509755344
"Macao SAR, China",MAC,2016,0.4904628891842423
North Macedonia,MKD,2016,-0.17684424769558277
Viet Nam,VNM,2016,0.29260857827218567
Ethiopia,ETH,2016,0.43744559852251286
Eswatini,SWZ,2016,-0.12501121555343442
Azerbaijan,AZE,2016,0.3415024595521153
Qatar,QAT,2016,0.6135375227811685
Iraq,IRQ,2016,0.5796256232171197
Ireland,IRL,2016,0.168232994992242
St. Kitts and Nevis,KNA,2016,-0.11549463409868743
Israel,ISR,2016,0.08730961476847311
Russian Federation,RUS,2016,0.3997881321625244
Barbados,BRB,2016,-0.26124294927307357
Timor-Leste,TLS,2016,0.2613176504048222
Kazakhstan,KAZ,2016,0.26280524483809553
Kenya,KEN,2016,0.2706636228102017
"Venezuela, RB",VEN,2016,0.7369829735209229
Dominican Republic,DOM,2016,0.175757041131327
Ecuador,ECU,2016,0.3545117193927133
Dominica,DMA,2016,-0.19345213751850016
South Sudan,SSD,2016,0.630919555789472
Kiribati,KIR,2016,-0.15401638044422133
Uruguay,URY,2016,-0.3338714294024801
Türkiye,TUR,2016,0.18937739299721906
Comoros,COM,2016,0.4079714018253391
Mongolia,MNG,2016,0.032042478283024894
Réunion,REU,2016,-0.4960662289023646
Sri Lanka,LKA,2016,0.14079499472847853
Bahrain,BHR,2016,0.5210683656913536
Jamaica,JAM,2016,-0.09649405181147737
Italy,ITA,2016,0.026737818473047525
Niger,NER,2016,0.31422867281627476
"Bahamas, The",BHS,2016,-0.05647483959899056
Nigeria,NGA,2016,0.4107437666396286
Thailand,THA,2016,0.3759740845701282
St. Lucia,LCA,2016,-0.4185949295131068
Vanuatu,VUT,2016,-0.018271653825492142
Eritrea,ERI,2016,0.7125962944993897
Monaco,MCO,2016,1.2600816532474306
Brunei Darussalam,BRN,2016,-0.04371880937058824
China,CHN,2016,0.2568170281313047
Moldova,MDA,2016,0.27027266086937485
Saudi Arabia,SAU,2016,0.42849685008134364
Montenegro,MNE,2016,-0.1777788095380277
Singapore,SGP,2016,0.08154804497910621
Luxembourg,LUX,2016,0.5439786700309137
Morocco,MAR,2016,0.125235744268054
Colombia,COL,2016,0.10031850296957512
Tuvalu,TUV,2016,-0.12331978670589888
Sierra Leone,SLE,2016,0.25830797730679245
New Zealand,NZL,2016,-0.4011524809872974
Bangladesh,BGD,2016,0.458428756741996
Nicaragua,NIC,2016,0.4006842949838607
El Salvador,SLV,2016,0.20316462563494705
Equatorial Guinea,GNQ,2016,0.6376971630654317
Japan,JPN,2016,-0.1824691986751895
"Jersey, Channel Islands",JEY,2016,-0.6869102820833138
Jordan,JOR,2016,-0.13022514567570423
Togo,TGO,2016,0.35269059433880373
"Egypt, Arab Rep.",EGY,2016,0.2864046710555026
Papua New Guinea,PNG,2016,0.37310139253529745
Argentina,ARG,2016,0.026794690218848796
Guatemala,GTM,2016,0.39185748055478387
Guinea,GIN,2016,0.3953269394143399
Martinique,MTQ,2016,-0.5069981834600733
Serbia,SRB,2016,-0.059925019457545414
Marshall Islands,MHL,2016,-0.2022395063214762
Ukraine,UKR,2016,0.30619884602848124
Cabo Verde,CPV,2016,-0.35807316996698885
Algeria,DZA,2016,0.29988539898912864
Afghanistan,AFG,2016,0.6207649404207078
Zambia,ZMB,2016,0.16144933734443168
Philippines,PHL,2016,0.237582108375645
"Yemen, Rep.",YEM,2016,0.5987371450659269
Bolivia,BOL,2016,0.3280932967388294
Croatia,HRV,2016,-0.12609812525425743
Latvia,LVA,2016,-0.24041834452507055
Bhutan,BTN,2016,-0.23298170430863294
Mozambique,MOZ,2016,0.3765353369096175
Ghana,GHA,2016,-0.04345303634154021
Germany,DEU,2016,-0.20406432866590005
Sweden,SWE,2016,-0.23949413515001766
Guyana,GUY,2016,0.04407288330389797
Georgia,GEO,2016,-0.3600517708323482
Haiti,HTI,2016,0.39826148684873836
United Kingdom,GBR,2016,-0.2036332081458286
Burundi,BDI,2016,0.668404368034228
Canada,CAN,2016,-0.32008117516807405
Mauritania,MRT,2016,0.3008258045635432
Mauritius,MUS,2016,-0.3091181125913998
Burkina Faso,BFA,2016,0.1484710628236378
Mali,MLI,2016,0.3964014715808928
Malta,MLT,2016,-0.06585327116031385
Cameroon,CMR,2016,0.45203958402713273
United Arab Emirates,ARE,2016,0.31568977006973015
Mali,MLI,2017,0.4286540169957999
Malta,MLT,2017,-0.03569252991574763
Marshall Islands,MHL,2017,-0.17714786955409323
United Arab Emirates,ARE,2017,0.3293933181932078
Burundi,BDI,2017,0.6658154640540899
Cameroon,CMR,2017,0.48632937958542083
Mauritania,MRT,2017,0.2932154756091378
Mauritius,MUS,2017,-0.29078188073141004
Georgia,GEO,2017,-0.3215441604251716
Burkina Faso,BFA,2017,0.142147772230458
United Kingdom,GBR,2017,-0.1644154273523572
São Tomé and Príncipe,STP,2017,0.04942230192274871
Ghana,GHA,2017,-0.0177277569837527
Germany,DEU,2017,-0.17708460868138165
Sweden,SWE,2017,-0.2324990067722493
Haiti,HTI,2017,0.37814750529501806
Bolivia,BOL,2017,0.345491232638846
Croatia,HRV,2017,-0.08368223760625669
Bhutan,BTN,2017,-0.2817686959278593
Afghanistan,AFG,2017,0.6188929758041506
Cabo Verde,CPV,2017,-0.3600702679153279
Philippines,PHL,2017,0.24839801274792725
"Yemen, Rep.",YEM,2017,0.6396007869106796
Senegal,SEN,2017,0.03245480613579884
Ukraine,UKR,2017,0.2852568386339737
Serbia,SRB,2017,-0.026811901835512842
Algeria,DZA,2017,0.2835216317781363
Argentina,ARG,2017,0.004239175666296502
Guatemala,GTM,2017,0.40444028033722507
Jordan,JOR,2017,-0.1297428966496139
El Salvador,SLV,2017,0.23189118916858778
Togo,TGO,2017,0.3703342979190268
Equatorial Guinea,GNQ,2017,0.6396602329120653
Timor-Leste,TLS,2017,0.23374729991169507
"Egypt, Arab Rep.",EGY,2017,0.316185471184044
Japan,JPN,2017,-0.1647315822226266
Colombia,COL,2017,0.09660168285657508
Sierra Leone,SLE,2017,0.25545651140257397
Tuvalu,TUV,2017,-0.1532110478054308
"Jersey, Channel Islands",JEY,2017,-0.6874248486013764
New Zealand,NZL,2017,-0.3744337934743568
Singapore,SGP,2017,0.1441316470949794
Luxembourg,LUX,2017,0.5820582958932541
Morocco,MAR,2017,0.14210621553406783
Monaco,MCO,2017,1.3690263337057351
Brunei Darussalam,BRN,2017,-0.02965452444979224
China,CHN,2017,0.26044507056769256
Moldova,MDA,2017,0.265960115948483
St. Lucia,LCA,2017,-0.4005342202998206
Jamaica,JAM,2017,-0.059616449447928696
Nicaragua,NIC,2017,0.47836219288623333
Vanuatu,VUT,2017,-0.03612044747983217
Eritrea,ERI,2017,0.7263404379669127
"Bahamas, The",BHS,2017,-0.024946424426219672
Nigeria,NGA,2017,0.41096500728958524
Thailand,THA,2017,0.38097815589186623
Italy,ITA,2017,0.06698727711486717
Sri Lanka,LKA,2017,0.1417811529573832
Bahrain,BHR,2017,0.5316761410016956
Niger,NER,2017,0.33326683803864837
Türkiye,TUR,2017,0.19391232327452074
Comoros,COM,2017,0.43333991416814616
Montenegro,MNE,2017,-0.14609520146195185
Mongolia,MNG,2017,0.04294718422105508
Dominica,DMA,2017,-0.1513227870198765
South Sudan,SSD,2017,0.763193343788824
Kiribati,KIR,2017,-0.16617687497394137
Uruguay,URY,2017,-0.3156012053018031
"Venezuela, RB",VEN,2017,0.8070457481563309
Bangladesh,BGD,2017,0.45390848906045694
Dominican Republic,DOM,2017,0.20463207590991342
Kazakhstan,KAZ,2017,0.25585333568121443
Ecuador,ECU,2017,0.3282824805119324
Kenya,KEN,2017,0.2622042553712914
Russian Federation,RUS,2017,0.391228424183735
Barbados,BRB,2017,-0.23870641929060848
Estonia,EST,2017,-0.32251268072564493
Iraq,IRQ,2017,0.5802792873790895
Ireland,IRL,2017,0.2937700183512399
St. Kitts and Nevis,KNA,2017,-0.08984144869685641
Ethiopia,ETH,2017,0.4106942328083574
Eswatini,SWZ,2017,-0.13801777855660702
Qatar,QAT,2017,0.700292206143048
North Macedonia,MKD,2017,-0.17273825884079458
Chad,TCD,2017,0.6182383161175259
Chile,CHL,2017,-0.3544491021643893
Viet Nam,VNM,2017,0.3143442946214622
Saudi Arabia,SAU,2017,0.46808652273091556
Brazil,BRA,2017,0.07345465024723605
"Macao SAR, China",MAC,2017,0.5943411756316784
Madagascar,MDG,2017,0.39036800755840456
Botswana,BWA,2017,-0.5123661622341881
Tonga,TON,2017,-0.02490255706052513
Djibouti,DJI,2017,0.1013001781127998
"Korea, Dem. People's Rep.",PRK,2017,0.7799312224710377
Belarus,BLR,2017,0.3318733535317249
Nepal,NPL,2017,0.13527867673332986
Spain,ESP,2017,-0.2520659223744506
"Korea, Rep.",KOR,2017,-0.0030599769662816995
Lithuania,LTU,2017,-0.18589965197840966
Slovak Republic,SVK,2017,-0.015238961525747961
Belgium,BEL,2017,-0.03272353736014035
Romania,ROU,2017,0.06716803247398966
Netherlands,NLD,2017,-0.1583496652191669
Libya,LBY,2017,0.692832360526801
Liechtenstein,LIE,2017,1.1481766855362898
"Congo, Dem. Rep.",COD,2017,0.7213992548879089
Bulgaria,BGR,2017,0.0738097634604181
Malawi,MWI,2017,0.178802334377399
Malaysia,MYS,2017,0.026864781635644774
"Micronesia, Fed. Sts.",FSM,2017,-0.20124493929114687
Fiji,FJI,2017,-0.0023709793860419563
Federal Republic of Somalia,SOM,2017,0.9364014269729833
"Iran, Islamic Rep.",IRN,2017,0.36877773582783624
Mexico,MEX,2017,0.37142982931386553
Indonesia,IDN,2017,0.10171436620620487
St. Vincent and the Grenadines,VCT,2017,-0.49107956842529615
Norway,NOR,2017,0.09156210984458422
Tanzania,TZA,2017,0.2599025956406323
Israel,ISR,2017,0.14796357114742054
Oman,OMN,2017,0.245309675721045
Austria,AUT,2017,-0.13183987480937123
Azerbaijan,AZE,2017,0.3514950383913484
San Marino,SMR,2017,0.04232193621510891
Liberia,LBR,2017,0.31612275174646065
"Congo, Rep.",COG,2017,0.24677537553686069
Bosnia and Herzegovina,BIH,2017,0.025404103817458366
United States,USA,2017,0.14249192424247725
Kyrgyz Republic,KGZ,2017,0.2797187902595287
Tunisia,TUN,2017,-0.09283756044882145
South Africa,ZAF,2017,-0.4231387723364921
Samoa,WSM,2017,-0.3897879350339783
Côte d’Ivoire,CIV,2017,0.25565154492541525
Kosovo,XKX,2017,0.16060760922397035
Kuwait,KWT,2017,0.4888639523393301
Cuba,CUB,2017,0.4014351121491564
Denmark,DNK,2017,-0.15837667580622983
Belize,BLZ,2017,0.14343069183333307
Nauru,NRU,2017,-0.1916279401849993
Uzbekistan,UZB,2017,0.4279338269450568
Iceland,ISL,2017,0.17368444605360037
India,IND,2017,-0.028057264402004036
Armenia,ARM,2017,-0.16048596578535726
Finland,FIN,2017,-0.3903302132227161
Tajikistan,TJK,2017,0.4284851794348067
Pakistan,PAK,2017,0.4587141846830382
Aruba,ABW,2017,-0.25157625203822753
Australia,AUS,2017,-0.12714349856328616
Seychelles,SYC,2017,-0.03166579185004352
Maldives,MDV,2017,0.4030865774247745
"Taiwan, China",TWN,2017,-0.6164101404441815
French Guiana,GUF,2017,-0.5738412556946193
Cayman Islands,CYM,2017,0.5394605490097555
Uganda,UGA,2017,0.3280989587226665
Central African Republic,CAF,2017,0.5693573737585731
Canada,CAN,2017,-0.27593634392255023
Papua New Guinea,PNG,2017,0.3700751850675177
Antigua and Barbuda,ATG,2017,0.02281622883002134
Poland,POL,2017,-0.1038068969379023
Guinea-Bissau,GNB,2017,0.5573143518007758
Hungary,HUN,2017,0.04764454414920779
Sudan,SDN,2017,0.5673596167726186
Suriname,SUR,2017,0.11075575036287111
Honduras,HND,2017,0.39156637802690714
"Gambia, The",GMB,2017,0.17477160525928373
Puerto Rico (U.S.),PRI,2017,-0.24088786992704114
"Hong Kong SAR, China",HKG,2017,0.07034696831600007
Gabon,GAB,2017,0.13499035974180185
France,FRA,2017,-0.14079046534905315
Palau,PLW,2017,-0.19760237077697312
Panama,PAN,2017,0.13279742135089795
West Bank and Gaza,PSE,2017,-0.028175019295239297
Guyana,GUY,2017,0.0314678881829809
Cyprus,CYP,2017,-0.12363179034782647
Slovenia,SVN,2017,-0.10256670730344175
Lao PDR,LAO,2017,0.39519710826096355
Latvia,LVA,2017,-0.21304970270936066
Solomon Islands,SLB,2017,0.24657067385297693
Rwanda,RWA,2017,-0.1637588534979012
Czechia,CZE,2017,-0.10858455832237605
Trinidad and Tobago,TTO,2017,0.167630009381163
Turkmenistan,TKM,2017,0.6613523540886201
Benin,BEN,2017,0.10618693737187218
Namibia,NAM,2017,-0.4537564871003346
Mozambique,MOZ,2017,0.36069625328781035
Myanmar,MMR,2017,0.5724412758122647
Costa Rica,CRI,2017,-0.23033591826546815
Lebanon,LBN,2017,0.3871382520253185
Lesotho,LSO,2017,-0.14489989485976984
Greenland,GRL,2017,-0.09943083589375545
Cambodia,KHM,2017,0.5412480920173455
Peru,PER,2017,0.16327625156370185
Greece,GRC,2017,-0.19929014504461803
Guam,GUM,2017,-0.021801894866190042
Syrian Arab Republic,SYR,2017,0.6909908797676962
Albania,ALB,2017,-0.04226457306763823
Guinea,GIN,2017,0.4046701526172296
Angola,AGO,2017,0.2556799299933686
Paraguay,PRY,2017,0.22002197889435549
Zimbabwe,ZWE,2017,0.523783634767272
Portugal,PRT,2017,-0.2736545490905631
Zambia,ZMB,2017,0.19466468464642664
Switzerland,CHE,2017,0.14015597178344463
Grenada,GRD,2017,-0.10111116200378158
Zimbabwe,ZWE,2018,0.452537935044421
Algeria,DZA,2018,0.30328891749894876
"Yemen, Rep.",YEM,2018,0.6435480353194956
Poland,POL,2018,-0.0827142250947087
Papua New Guinea,PNG,2018,0.37346712774995106
Panama,PAN,2018,0.11682990572215762
Palau,PLW,2018,-0.21734743038936014
Puerto Rico (U.S.),PRI,2018,-0.2286959199923422
Viet Nam,VNM,2018,0.31344665197766974
Azerbaijan,AZE,2018,0.34593544101552887
Austria,AUT,2018,-0.1122323348008616
Australia,AUS,2018,-0.11442461251174803
Aruba,ABW,2018,-0.241655092668685
Armenia,ARM,2018,-0.17550679263028907
Bangladesh,BGD,2018,0.45832944558346933
"Venezuela, RB",VEN,2018,0.820933871775872
Vanuatu,VUT,2018,-0.05192218960054817
Bahrain,BHR,2018,0.530281829996327
"Bahamas, The",BHS,2018,-0.010116173549779487
Uzbekistan,UZB,2018,0.4272246741069232
Belize,BLZ,2018,0.1223038595814926
Belgium,BEL,2018,-0.017428666236560676
Belarus,BLR,2018,0.32634304391285684
Barbados,BRB,2018,-0.2281603717824212
Uruguay,URY,2018,-0.3479360352897091
United States,USA,2018,0.19531620914981654
Bolivia,BOL,2018,0.4037348698370699
Bhutan,BTN,2018,-0.27690174788923605
Benin,BEN,2018,0.1353104676473759
Bulgaria,BGR,2018,0.08666907697040091
Brunei Darussalam,BRN,2018,0.014815538722534922
Brazil,BRA,2018,0.08707043956737115
Botswana,BWA,2018,-0.5222626867995416
Bosnia and Herzegovina,BIH,2018,0.10950014904925434
United Arab Emirates,ARE,2018,0.31390645172949744
Ukraine,UKR,2018,0.253507268629259
Cabo Verde,CPV,2018,-0.3714354743808989
Burundi,BDI,2018,0.672799332764674
Burkina Faso,BFA,2018,0.17710367050157017
United Kingdom,GBR,2018,-0.144869509292603
Portugal,PRT,2018,-0.2416716419766017
Pakistan,PAK,2018,0.4377775248918849
Oman,OMN,2018,0.2405132873067266
Norway,NOR,2018,0.05289665175682365
North Macedonia,MKD,2018,-0.10008172364796468
Uganda,UGA,2018,0.35244591560341426
Cayman Islands,CYM,2018,0.5703035852384898
Canada,CAN,2018,-0.23927182913935957
Cameroon,CMR,2018,0.5148672791077116
Cambodia,KHM,2018,0.5486102822854303
Türkiye,TUR,2018,0.18489513617165845
Tuvalu,TUV,2018,-0.19672734858681576
China,CHN,2018,0.2774058810805515
Chile,CHL,2018,-0.32822101958090316
Chad,TCD,2018,0.6337894489775824
Central African Republic,CAF,2018,0.5295716993490234
Turkmenistan,TKM,2018,0.6720240238272109
Costa Rica,CRI,2018,-0.26897258451864237
"Congo, Rep.",COG,2018,0.25755138844437164
"Congo, Dem. Rep.",COD,2018,0.7001096043116115
Comoros,COM,2018,0.4794970130436741
Colombia,COL,2018,0.08507462922907234
Czechia,CZE,2018,-0.1001006875119598
Cyprus,CYP,2018,-0.08598394866420918
Cuba,CUB,2018,0.3926111688950582
Croatia,HRV,2018,-0.03259580214256102
Tonga,TON,2018,-0.03939649497217555
Djibouti,DJI,2018,0.10553803925696101
Denmark,DNK,2018,-0.1461923161297132
Côte d’Ivoire,CIV,2018,0.24226950686715373
Tunisia,TUN,2018,-0.11785422055458822
Trinidad and Tobago,TTO,2018,0.16966100566419412
Qatar,QAT,2018,0.6746525601516673
Nigeria,NGA,2018,0.42567735887014224
Niger,NER,2018,0.33755430872875436
Nicaragua,NIC,2018,0.5092354135488039
New Zealand,NZL,2018,-0.3530411273719356
Timor-Leste,TLS,2018,0.20041134667264773
"Egypt, Arab Rep.",EGY,2018,0.35443459977516517
Ecuador,ECU,2018,0.30955669180632156
Dominican Republic,DOM,2018,0.1880182753965598
Dominica,DMA,2018,-0.1317945075402197
Thailand,THA,2018,0.3608776504488714
Eritrea,ERI,2018,0.7423915020850196
Equatorial Guinea,GNQ,2018,0.6247983970403849
El Salvador,SLV,2018,0.21803922110837543
Togo,TGO,2018,0.3619404606102319
Tanzania,TZA,2018,0.27587925465524243
Tajikistan,TJK,2018,0.4401550386726253
Federal Republic of Somalia,SOM,2018,0.9362561613528718
Ethiopia,ETH,2018,0.3836755202290164
Eswatini,SWZ,2018,-0.16167618679391066
Estonia,EST,2018,-0.3193595645852071
French Guiana,GUF,2018,-0.574886861320424
"Taiwan, China",TWN,2018,-0.6282690222327979
France,FRA,2018,-0.14703317800494964
Finland,FIN,2018,-0.3744032522239449
Fiji,FJI,2018,-0.11227009661789011
Ghana,GHA,2018,-0.0065606545360889605
Germany,DEU,2018,-0.17449274634153447
Georgia,GEO,2018,-0.26562587809379723
"Gambia, The",GMB,2018,0.16814700511054287
Gabon,GAB,2018,0.1383082283555944
Russian Federation,RUS,2018,0.39161407668018666
Romania,ROU,2018,0.05488021398423733
Netherlands,NLD,2018,-0.13111076611784372
Nepal,NPL,2018,0.1336039753974286
Nauru,NRU,2018,-0.1765327525878578
Rwanda,RWA,2018,-0.1559869596133468
Switzerland,CHE,2018,0.14760810250251957
Grenada,GRD,2018,-0.07591659241847495
Greenland,GRL,2018,-0.09128771265583273
Greece,GRC,2018,-0.18984835115934334
São Tomé and Príncipe,STP,2018,0.04007885794807888
Guinea-Bissau,GNB,2018,0.5266525561577515
Sweden,SWE,2018,-0.24955636684712387
Guinea,GIN,2018,0.3873522831480364
Guatemala,GTM,2018,0.41992115533491137
Guam,GUM,2018,-0.015220290120108174
Syrian Arab Republic,SYR,2018,0.7100974410222991
Hungary,HUN,2018,0.06311853712457921
"Hong Kong SAR, China",HKG,2018,0.13625490068021848
Honduras,HND,2018,0.39765513820375326
Haiti,HTI,2018,0.39443909965538015
Guyana,GUY,2018,0.030247764043278363
Indonesia,IDN,2018,0.08507346218242073
India,IND,2018,-0.016390305368986672
Iceland,ISL,2018,0.15675653919368693
Suriname,SUR,2018,0.10879599208819019
Sudan,SDN,2018,0.5685784934236868
St. Kitts and Nevis,KNA,2018,-0.06113429261027217
Israel,ISR,2018,0.17057208943263527
Ireland,IRL,2018,0.3146544195112761
Iraq,IRQ,2018,0.5714225241659195
"Iran, Islamic Rep.",IRN,2018,0.43693488918446616
St. Vincent and the Grenadines,VCT,2018,-0.4977808243888022
Namibia,NAM,2018,-0.4660600455748036
Myanmar,MMR,2018,0.581911189139786
Mozambique,MOZ,2018,0.35317846475453407
Morocco,MAR,2018,0.12544277362390968
Sri Lanka,LKA,2018,0.1264202933362273
Japan,JPN,2018,-0.14833566029795023
Jamaica,JAM,2018,-0.03797684613116036
Italy,ITA,2018,0.058998835237324875
St. Lucia,LCA,2018,-0.3788200043359849
Kiribati,KIR,2018,-0.20901156927362496
Kenya,KEN,2018,0.2534305854896361
Kazakhstan,KAZ,2018,0.24410174759532433
Jordan,JOR,2018,-0.10414077812140365
"Jersey, Channel Islands",JEY,2018,-0.6942802036951573
Solomon Islands,SLB,2018,0.20091210074565322
Kosovo,XKX,2018,0.15894404863506428
"Korea, Rep.",KOR,2018,-0.05846378912261868
"Korea, Dem. People's Rep.",PRK,2018,0.7537429625837565
Spain,ESP,2018,-0.19208843354670305
South Sudan,SSD,2018,0.8162434571924302
Slovenia,SVN,2018,-0.10234897208607827
Lao PDR,LAO,2018,0.42174769811980567
Kyrgyz Republic,KGZ,2018,0.2767034807301755
Kuwait,KWT,2018,0.47781612772513654
South Africa,ZAF,2018,-0.43807673207900183
Slovak Republic,SVK,2018,-0.013239561359760564
Singapore,SGP,2018,0.1487110722413197
Liberia,LBR,2018,0.33594041325453694
Lesotho,LSO,2018,-0.1302286178735139
Lebanon,LBN,2018,0.40179318565188454
Latvia,LVA,2018,-0.19849476272003364
San Marino,SMR,2018,0.043452705465592815
Samoa,WSM,2018,-0.4139446961569512
Montenegro,MNE,2018,-0.1448916658781407
Mongolia,MNG,2018,0.01706043303757114
Monaco,MCO,2018,1.4077147858216144
Moldova,MDA,2018,0.24964086322080878
Saudi Arabia,SAU,2018,0.4585444406267444
Luxembourg,LUX,2018,0.5676183714966656
Sierra Leone,SLE,2018,0.26179374658063687
Lithuania,LTU,2018,-0.21124541706411587
Liechtenstein,LIE,2018,1.1061471872444928
Libya,LBY,2018,0.6905346096419722
Seychelles,SYC,2018,-0.04478981468893194
Malaysia,MYS,2018,-0.0004088641095222352
Malawi,MWI,2018,0.18628728987815604
Madagascar,MDG,2018,0.37802476960787285
"Macao SAR, China",MAC,2018,0.5628806992440784
Senegal,SEN,2018,0.026763050930166975
Marshall Islands,MHL,2018,-0.17733846417259955
Malta,MLT,2018,0.04357337978199503
Mali,MLI,2018,0.45556697612393027
Maldives,MDV,2018,0.35410492942229194
"Micronesia, Fed. Sts.",FSM,2018,-0.20007741351308841
Mexico,MEX,2018,0.3754031925124651
Mauritius,MUS,2018,-0.26066275312882664
Mauritania,MRT,2018,0.2970489018708016
Serbia,SRB,2018,0.02234169830495333
Zambia,ZMB,2018,0.21668179637837062
Albania,ALB,2018,0.0015942320300163216
Afghanistan,AFG,2018,0.6294576173294228
Philippines,PHL,2018,0.24845186867671235
Peru,PER,2018,0.1550637123518757
Paraguay,PRY,2018,0.20436783954343157
West Bank and Gaza,PSE,2018,-0.02307921169754237
Argentina,ARG,2018,-0.00012726597260184102
Antigua and Barbuda,ATG,2018,0.007913626825566906
Angola,AGO,2018,0.19387995858918897
